text,lang,filename
Bourgogne map,fr,AOC Bourgogne map.mp3
Bourgogne Chitry,fr,AOC Bourgogne Chitry.mp3
Bourgogne Côte Saint-Jacques,fr,AOC Bourgogne Côte Saint-Jacques.mp3
Bourgogne Côtes d'Auxerre,fr,AOC Bourgogne Côtes d'Auxerre.mp3
Bourgogne Coulanges-la-Vineuse,fr,AOC Bourgogne Coulanges-la-Vineuse.mp3
Bourgogne Epineuil,fr,AOC Bourgogne Epineuil.mp3
Bourgogne Tonnerre,fr,AOC Bourgogne Tonnerre.mp3
Bourgogne Vézelay,fr,AOC Bourgogne Vézelay.mp3
Beaujolais Villages,fr,AOC Beaujolais Villages.mp3
Beaujolais,fr,AOC Beaujolais.mp3
Brouilly,fr,AOC Brouilly.mp3
Chénas,fr,AOC Chénas.mp3
Chiroubles,fr,AOC Chiroubles.mp3
Côte de Brouilly,fr,AOC Côte de Brouilly.mp3
Fleurie,fr,AOC Fleurie.mp3
Juliénas,fr,AOC Juliénas.mp3
Morgon,fr,AOC Morgon.mp3
Moulin-à-Vent,fr,AOC Moulin-à-Vent.mp3
Régnié,fr,AOC Régnié.mp3
Saint-Amour,fr,AOC Saint-Amour.mp3
Chablis,fr,AOC Chablis.mp3
Petit Chablis,fr,AOC Petit Chablis.mp3
Chablis 1er Cru Chaume de Talvat,fr,AOC Chablis 1er Cru Chaume de Talvat.mp3
Chablis 1er Cru Côte de Jouan,fr,AOC Chablis 1er Cru Côte de Jouan.mp3
Chablis 1er Cru Fourchaume,fr,AOC Chablis 1er Cru Fourchaume.mp3
Chablis 1er Cru Les Beauregards,fr,AOC Chablis 1er Cru Les Beauregards.mp3
Chablis 1er Cru Les Fourneaux,fr,AOC Chablis 1er Cru Les Fourneaux.mp3
Chablis 1er Cru Mont de Milieu,fr,AOC Chablis 1er Cru Mont de Milieu.mp3
Chablis 1er Cru Vaucoupin,fr,AOC Chablis 1er Cru Vaucoupin.mp3
Chablis 1er Cru Vaugiraut,fr,AOC Chablis 1er Cru Vaugiraut.mp3
Chablis 1er Cru Vaupulent,fr,AOC Chablis 1er Cru Vaupulent.mp3
Chablis 1er Cru Vosgros,fr,AOC Chablis 1er Cru Vosgros.mp3
Chablis 1er Cru,fr,AOC Chablis 1er Cru.mp3
Chablis Grand Cru Blanchot,fr,AOC Chablis Grand Cru Blanchot.mp3
Chablis Grand Cru Bougros,fr,AOC Chablis Grand Cru Bougros.mp3
Chablis Grand Cru Grenouilles,fr,AOC Chablis Grand Cru Grenouilles.mp3
Chablis Grand Cru Les Clos,fr,AOC Chablis Grand Cru Les Clos.mp3
Chablis Grand Cru Preuses,fr,AOC Chablis Grand Cru Preuses.mp3
Chablis Grand Cru Valmur,fr,AOC Chablis Grand Cru Valmur.mp3
Chablis Grand Cru Vaudésir,fr,AOC Chablis Grand Cru Vaudésir.mp3
Chablis Grand Cru,fr,AOC Chablis Grand Cru.mp3
Domaine William Févre,fr,Domaine William Févre.mp3
Domaine Nathalie et Gilles Fèvre,fr,Domaine Nathalie et Gilles Fèvre.mp3
Vignobles Dampt Frères,fr,Vignobles Dampt Frères.mp3
Jean et Sébastien Dauvissat,fr,Jean et Sébastien Dauvissat.mp3
Domaine Servin,fr,Domaine Servin.mp3
Domaine Vincent Dauvissat,fr,Domaine Vincent Dauvissat.mp3
Domaine Baillard,fr,Domaine Baillard.mp3
Domaine Roy,fr,Domaine Roy.mp3
Domaine Billaud-Simon,fr,Domaine Billaud-Simon.mp3
Domaine Long-Depaquit,fr,Domaine Long-Depaquit.mp3
Maison Simonnet-Febvre,fr,Maison Simonnet-Febvre.mp3
Domaine Joseph Drouhin,fr,Domaine Joseph Drouhin.mp3
EARL Allindre,fr,EARL Allindre.mp3
Domaine Brocard,fr,Domaine Brocard.mp3
Bourgogne Côte Chalonnaise,fr,AOC Bourgogne Côte Chalonnaise.mp3
Bourgogne Côtes du Couchois,fr,AOC Bourgogne Côtes du Couchois.mp3
Bouzeron,fr,AOC Bouzeron.mp3
Rully,fr,AOC Rully.mp3
Rully 1er Cru Agneux,fr,AOC Rully 1er Cru Agneux.mp3
Rully 1er Cru Champs Cloux,fr,AOC Rully 1er Cru Champs Cloux.mp3
Rully 1er Cru Chapitre,fr,AOC Rully 1er Cru Chapitre.mp3
Rully 1er Cru Clos du Chaigne,fr,AOC Rully 1er Cru Clos du Chaigne.mp3
Rully 1er Cru Clos St Jacques,fr,AOC Rully 1er Cru Clos St Jacques.mp3
Rully 1er Cru Cloux,fr,AOC Rully 1er Cru Cloux.mp3
Rully 1er Cru Grésigny,fr,AOC Rully 1er Cru Grésigny.mp3
Rully 1er Cru La Bressande,fr,AOC Rully 1er Cru La Bressande.mp3
Rully 1er Cru La Fosse,fr,AOC Rully 1er Cru La Fosse.mp3
Rully 1er Cru La Pucelle,fr,AOC Rully 1er Cru La Pucelle.mp3
Rully 1er Cru La Renarde,fr,AOC Rully 1er Cru La Renarde.mp3
Rully 1er Cru Le Meix Cadot,fr,AOC Rully 1er Cru Le Meix Cadot.mp3
Rully 1er Cru Le Meix Caillet,fr,AOC Rully 1er Cru Le Meix Caillet.mp3
Rully 1er Cru Les Pierres,fr,AOC Rully 1er Cru Les Pierres.mp3
Rully 1er Cru Margotés,fr,AOC Rully 1er Cru Margotés.mp3
Rully 1er Cru Marissou,fr,AOC Rully 1er Cru Marissou.mp3
Rully 1er Cru Molesme,fr,AOC Rully 1er Cru Molesme.mp3
Rully 1er Cru Montpalais,fr,AOC Rully 1er Cru Montpalais.mp3
Rully 1er Cru Pillot,fr,AOC Rully 1er Cru Pillot.mp3
Rully 1er Cru Préaux,fr,AOC Rully 1er Cru Préaux.mp3
Rully 1er Cru Rabourcé,fr,AOC Rully 1er Cru Rabourcé.mp3
Rully 1er Cru Raclot,fr,AOC Rully 1er Cru Raclot.mp3
Rully 1er Cru Vauvry,fr,AOC Rully 1er Cru Vauvry.mp3
Rully 1er Cru,fr,AOC Rully 1er Cru.mp3
Mercurey,fr,AOC Mercurey.mp3
Mercurey 1er Cru Clos de Paradis,fr,AOC Mercurey 1er Cru Clos de Paradis.mp3
Mercurey 1er Cru Clos des Barraults,fr,AOC Mercurey 1er Cru Clos des Barraults.mp3
Mercurey 1er Cru Clos des grands Voyens,fr,AOC Mercurey 1er Cru Clos des grands Voyens.mp3
Mercurey 1er Cru Clos des Montaigus,fr,AOC Mercurey 1er Cru Clos des Montaigus.mp3
Mercurey 1er Cru Clos des Myglands,fr,AOC Mercurey 1er Cru Clos des Myglands.mp3
Mercurey 1er Cru Clos du Château de Montaigu,fr,AOC Mercurey 1er Cru Clos du Château de Montaigu.mp3
Mercurey 1er Cru Clos Marcilly,fr,AOC Mercurey 1er Cru Clos Marcilly.mp3
Mercurey 1er Cru Clos Tonnerre,fr,AOC Mercurey 1er Cru Clos Tonnerre.mp3
Mercurey 1er Cru Clos Voyens,fr,AOC Mercurey 1er Cru Clos Voyens.mp3
Mercurey 1er Cru Grand Clos Fortoul,fr,AOC Mercurey 1er Cru Grand Clos Fortoul.mp3
Mercurey 1er Cru Griffères,fr,AOC Mercurey 1er Cru Griffères.mp3
Mercurey 1er Cru La Bondue,fr,AOC Mercurey 1er Cru La Bondue.mp3
Mercurey 1er Cru La Cailloute,fr,AOC Mercurey 1er Cru La Cailloute.mp3
Mercurey 1er Cru La Chassière,fr,AOC Mercurey 1er Cru La Chassière.mp3
Mercurey 1er Cru La Levrière,fr,AOC Mercurey 1er Cru La Levrière.mp3
Mercurey 1er Cru La Mission,fr,AOC Mercurey 1er Cru La Mission.mp3
Mercurey 1er Cru Le Clos du Roy,fr,AOC Mercurey 1er Cru Le Clos du Roy.mp3
Mercurey 1er Cru Le Clos l'Evêque,fr,AOC Mercurey 1er Cru Le Clos l'Evêque.mp3
Mercurey 1er Cru Les Byots,fr,AOC Mercurey 1er Cru Les Byots.mp3
Mercurey 1er Cru Les Champs Martin,fr,AOC Mercurey 1er Cru Les Champs Martin.mp3
Mercurey 1er Cru Les Combins,fr,AOC Mercurey 1er Cru Les Combins.mp3
Mercurey 1er Cru Les Crêts,fr,AOC Mercurey 1er Cru Les Crêts.mp3
Mercurey 1er Cru Les Croichots,fr,AOC Mercurey 1er Cru Les Croichots.mp3
Mercurey 1er Cru Les Fourneaux,fr,AOC Mercurey 1er Cru Les Fourneaux.mp3
Mercurey 1er Cru Les Montaigus,fr,AOC Mercurey 1er Cru Les Montaigus.mp3
Mercurey 1er Cru Les Naugues,fr,AOC Mercurey 1er Cru Les Naugues.mp3
Mercurey 1er Cru Les Puillets,fr,AOC Mercurey 1er Cru Les Puillets.mp3
Mercurey 1er Cru Les Ruelles,fr,AOC Mercurey 1er Cru Les Ruelles.mp3
Mercurey 1er Cru Les Saumonts,fr,AOC Mercurey 1er Cru Les Saumonts.mp3
Mercurey 1er Cru Les Vasées,fr,AOC Mercurey 1er Cru Les Vasées.mp3
Mercurey 1er Cru Les Velley,fr,AOC Mercurey 1er Cru Les Velley.mp3
Mercurey 1er Cru Sazenay,fr,AOC Mercurey 1er Cru Sazenay.mp3
Mercurey 1er Cru,fr,AOC Mercurey 1er Cru.mp3
Givry,fr,AOC Givry.mp3
Givry 1er Cru A Vigne Rouge,fr,AOC Givry 1er Cru A Vigne Rouge.mp3
Givry 1er Cru Clos Charlé,fr,AOC Givry 1er Cru Clos Charlé.mp3
Givry 1er Cru Clos de la Baraude,fr,AOC Givry 1er Cru Clos de la Baraude.mp3
Givry 1er Cru Clos du Cellier aux Moines,fr,AOC Givry 1er Cru Clos du Cellier aux Moines.mp3
Givry 1er Cru Clos du Cras long,fr,AOC Givry 1er Cru Clos du Cras long.mp3
Givry 1er Cru Clos du Vernoy,fr,AOC Givry 1er Cru Clos du Vernoy.mp3
Givry 1er Cru Clos Jus,fr,AOC Givry 1er Cru Clos Jus.mp3
Givry 1er Cru Clos Marceaux,fr,AOC Givry 1er Cru Clos Marceaux.mp3
Givry 1er Cru Clos Marole,fr,AOC Givry 1er Cru Clos Marole.mp3
Givry 1er Cru Clos Salomon,fr,AOC Givry 1er Cru Clos Salomon.mp3
Givry 1er Cru Clos-Saint-Paul,fr,AOC Givry 1er Cru Clos-Saint-Paul.mp3
Givry 1er Cru Clos-Saint-Pierre,fr,AOC Givry 1er Cru Clos-Saint-Pierre.mp3
Givry 1er Cru Crausot,fr,AOC Givry 1er Cru Crausot.mp3
Givry 1er Cru Crémillons,fr,AOC Givry 1er Cru Crémillons.mp3
Givry 1er Cru En Choué,fr,AOC Givry 1er Cru En Choué.mp3
Givry 1er Cru La Brûlée,fr,AOC Givry 1er Cru La Brûlée.mp3
Givry 1er Cru La Grande Berge,fr,AOC Givry 1er Cru La Grande Berge.mp3
Givry 1er Cru La Matrosse,fr,AOC Givry 1er Cru La Matrosse.mp3
Givry 1er Cru La Petite Berge,fr,AOC Givry 1er Cru La Petite Berge.mp3
Givry 1er Cru La Plante,fr,AOC Givry 1er Cru La Plante.mp3
Givry 1er Cru Le Champ Lalot,fr,AOC Givry 1er Cru Le Champ Lalot.mp3
Givry 1er Cru Le Médenchot,fr,AOC Givry 1er Cru Le Médenchot.mp3
Givry 1er Cru Le Paradis,fr,AOC Givry 1er Cru Le Paradis.mp3
Givry 1er Cru Le Petit Prétan,fr,AOC Givry 1er Cru Le Petit Prétan.mp3
Givry 1er Cru Le Pied de Chaume,fr,AOC Givry 1er Cru Le Pied de Chaume.mp3
Givry 1er Cru Le Pied du Clou,fr,AOC Givry 1er Cru Le Pied du Clou.mp3
Givry 1er Cru Le Vigron,fr,AOC Givry 1er Cru Le Vigron.mp3
Givry 1er Cru Les Bois Chevaux,fr,AOC Givry 1er Cru Les Bois Chevaux.mp3
Givry 1er Cru Les Bois Gautiers,fr,AOC Givry 1er Cru Les Bois Gautiers.mp3
Givry 1er Cru Les Combes,fr,AOC Givry 1er Cru Les Combes.mp3
Givry 1er Cru Les Galaffres,fr,AOC Givry 1er Cru Les Galaffres.mp3
Givry 1er Cru Les Grandes Vignes,fr,AOC Givry 1er Cru Les Grandes Vignes.mp3
Givry 1er Cru Les Grands Prétans,fr,AOC Givry 1er Cru Les Grands Prétans.mp3
Givry 1er Cru Petit Marole,fr,AOC Givry 1er Cru Petit Marole.mp3
Givry 1er Cru Servoisine,fr,AOC Givry 1er Cru Servoisine.mp3
Givry 1er Cru,fr,AOC Givry 1er Cru.mp3
Montagny,fr,AOC Montagny.mp3
Montagny 1er Cru Champ Toizeau,fr,AOC Montagny 1er Cru Champ Toizeau.mp3
Montagny 1er Cru Chazelle,fr,AOC Montagny 1er Cru Chazelle.mp3
Montagny 1er Cru Cornevent,fr,AOC Montagny 1er Cru Cornevent.mp3
Montagny 1er Cru Creux de Beaux Champs,fr,AOC Montagny 1er Cru Creux de Beaux Champs.mp3
Montagny 1er Cru L'Epaule,fr,AOC Montagny 1er Cru L'Epaule.mp3
Montagny 1er Cru La Condemine du Vieux Château,fr,AOC Montagny 1er Cru La Condemine du Vieux Château.mp3
Montagny 1er Cru La Grande Pièce,fr,AOC Montagny 1er Cru La Grande Pièce.mp3
Montagny 1er Cru La Moullière,fr,AOC Montagny 1er Cru La Moullière.mp3
Montagny 1er Cru Le Clos Chaudron,fr,AOC Montagny 1er Cru Le Clos Chaudron.mp3
Montagny 1er Cru Le Cloux,fr,AOC Montagny 1er Cru Le Cloux.mp3
Montagny 1er Cru Le Clouzot,fr,AOC Montagny 1er Cru Le Clouzot.mp3
Montagny 1er Cru Le Vieux Château,fr,AOC Montagny 1er Cru Le Vieux Château.mp3
Montagny 1er Cru Les Bassets,fr,AOC Montagny 1er Cru Les Bassets.mp3
Montagny 1er Cru Les Beaux Champs,fr,AOC Montagny 1er Cru Les Beaux Champs.mp3
Montagny 1er Cru Les Bonneveaux,fr,AOC Montagny 1er Cru Les Bonneveaux.mp3
Montagny 1er Cru Les Bordes,fr,AOC Montagny 1er Cru Les Bordes.mp3
Montagny 1er Cru Les Bouchots,fr,AOC Montagny 1er Cru Les Bouchots.mp3
Montagny 1er Cru Les Burnins,fr,AOC Montagny 1er Cru Les Burnins.mp3
Montagny 1er Cru Les Chaniots,fr,AOC Montagny 1er Cru Les Chaniots.mp3
Montagny 1er Cru Les Chaumelottes,fr,AOC Montagny 1er Cru Les Chaumelottes.mp3
Montagny 1er Cru Les Coères,fr,AOC Montagny 1er Cru Les Coères.mp3
Montagny 1er Cru Les Combes,fr,AOC Montagny 1er Cru Les Combes.mp3
Montagny 1er Cru Les Coudrettes,fr,AOC Montagny 1er Cru Les Coudrettes.mp3
Montagny 1er Cru Les Craboulettes,fr,AOC Montagny 1er Cru Les Craboulettes.mp3
Montagny 1er Cru Les Garchères,fr,AOC Montagny 1er Cru Les Garchères.mp3
Montagny 1er Cru Les Gouresses,fr,AOC Montagny 1er Cru Les Gouresses.mp3
Montagny 1er Cru Les Jardins,fr,AOC Montagny 1er Cru Les Jardins.mp3
Montagny 1er Cru Les Las,fr,AOC Montagny 1er Cru Les Las.mp3
Montagny 1er Cru Les Macles,fr,AOC Montagny 1er Cru Les Macles.mp3
Montagny 1er Cru Les Maroques,fr,AOC Montagny 1er Cru Les Maroques.mp3
Montagny 1er Cru Les Paquiers,fr,AOC Montagny 1er Cru Les Paquiers.mp3
Montagny 1er Cru Les Perrières,fr,AOC Montagny 1er Cru Les Perrières.mp3
Montagny 1er Cru Les Pidances,fr,AOC Montagny 1er Cru Les Pidances.mp3
Montagny 1er Cru Les Platières,fr,AOC Montagny 1er Cru Les Platières.mp3
Montagny 1er Cru Les Resses,fr,AOC Montagny 1er Cru Les Resses.mp3
Montagny 1er Cru Les Treuffères,fr,AOC Montagny 1er Cru Les Treuffères.mp3
Montagny 1er Cru Les Vignes Derrière,fr,AOC Montagny 1er Cru Les Vignes Derrière.mp3
Montagny 1er Cru Les Vignes des Prés,fr,AOC Montagny 1er Cru Les Vignes des Prés.mp3
Montagny 1er Cru Les Vignes longues,fr,AOC Montagny 1er Cru Les Vignes longues.mp3
Montagny 1er Cru Mont Laurent,fr,AOC Montagny 1er Cru Mont Laurent.mp3
Montagny 1er Cru Montcuchot,fr,AOC Montagny 1er Cru Montcuchot.mp3
Montagny 1er Cru Montorge,fr,AOC Montagny 1er Cru Montorge.mp3
Montagny 1er Cru Saint-Ytages,fr,AOC Montagny 1er Cru Saint-Ytages.mp3
Montagny 1er Cru Sainte-Morille,fr,AOC Montagny 1er Cru Sainte-Morille.mp3
Montagny 1er Cru Sous les Feilles,fr,AOC Montagny 1er Cru Sous les Feilles.mp3
Montagny 1er Cru Vigne du soleil,fr,AOC Montagny 1er Cru Vigne du soleil.mp3
Montagny 1er Cru Vignes Couland,fr,AOC Montagny 1er Cru Vignes Couland.mp3
Montagny 1er Cru Vignes Saint-Pierre,fr,AOC Montagny 1er Cru Vignes Saint-Pierre.mp3
Montagny 1er Cru Vignes sur le Cloux,fr,AOC Montagny 1er Cru Vignes sur le Cloux.mp3
Montagny 1er Cru,fr,AOC Montagny 1er Cru.mp3
Pernand-Vergelesses Village,fr,AOC Pernand-Vergelesses Village.mp3
Charlemagne Grand Cru(Pernand),fr,AOC Charlemagne Grand Cru(Pernand).mp3
Corton Grand Cru(Pernand),fr,AOC Corton Grand Cru(Pernand).mp3
Corton-Charlemagne Grand Cru(Pernand),fr,AOC Corton-Charlemagne Grand Cru(Pernand).mp3
Pernand-Vergelesses 1er Cru Clos Berthet,fr,AOC Pernand-Vergelesses 1er Cru Clos Berthet.mp3
Pernand-Vergelesses 1er Cru Creux de la Net,fr,AOC Pernand-Vergelesses 1er Cru Creux de la Net.mp3
Pernand-Vergelesses 1er Cru En Caradeux,fr,AOC Pernand-Vergelesses 1er Cru En Caradeux.mp3
Pernand-Vergelesses 1er Cru Ile des Vergelesses,fr,AOC Pernand-Vergelesses 1er Cru Ile des Vergelesses.mp3
Pernand-Vergelesses 1er Cru Les Fichots,fr,AOC Pernand-Vergelesses 1er Cru Les Fichots.mp3
Pernand-Vergelesses 1er Cru Sous Frétille,fr,AOC Pernand-Vergelesses 1er Cru Sous Frétille.mp3
Pernand-Vergelesses 1er Cru Vergelesses,fr,AOC Pernand-Vergelesses 1er Cru Vergelesses.mp3
Pernand-Vergelesses 1er Cru Village de Pernand,fr,AOC Pernand-Vergelesses 1er Cru Village de Pernand.mp3
Pernand-Vergelesses 1er Cru,fr,AOC Pernand-Vergelesses 1er Cru.mp3
Ladoix Village,fr,AOC Ladoix Village.mp3
Corton Grand Cru(Ladoix),fr,AOC Corton Grand Cru(Ladoix).mp3
Corton-Charlemagne Grand Cru(Ladoix),fr,AOC Corton-Charlemagne Grand Cru(Ladoix).mp3
Ladoix 1er Cru Basses Mourottes,fr,AOC Ladoix 1er Cru Basses Mourottes.mp3
Ladoix 1er Cru Bois Roussot,fr,AOC Ladoix 1er Cru Bois Roussot.mp3
Ladoix 1er Cru En Naget,fr,AOC Ladoix 1er Cru En Naget.mp3
Ladoix 1er Cru Hautes Mourottes,fr,AOC Ladoix 1er Cru Hautes Mourottes.mp3
Ladoix 1er Cru La Corvée,fr,AOC Ladoix 1er Cru La Corvée.mp3
Ladoix 1er Cru La Micaude,fr,AOC Ladoix 1er Cru La Micaude.mp3
Ladoix 1er Cru Le Clou d'Orge,fr,AOC Ladoix 1er Cru Le Clou d'Orge.mp3
Ladoix 1er Cru Le Rognet et Corton,fr,AOC Ladoix 1er Cru Le Rognet et Corton.mp3
Ladoix 1er Cru Les Buis,fr,AOC Ladoix 1er Cru Les Buis.mp3
Ladoix 1er Cru Les Grêchons et Foutrières,fr,AOC Ladoix 1er Cru Les Grêchons et Foutrières.mp3
Ladoix 1er Cru Les Joyeuses,fr,AOC Ladoix 1er Cru Les Joyeuses.mp3
Ladoix 1er Cru,fr,AOC Ladoix 1er Cru.mp3
Ladoix ou Ladoix Côte de Beaune,fr,AOC Ladoix ou Ladoix Côte de Beaune.mp3
Aloxe-Corton Village,fr,AOC Aloxe-Corton Village.mp3
Aloxe-Corton 1er Cru Clos des Maréchaudes,fr,AOC Aloxe-Corton 1er Cru Clos des Maréchaudes.mp3
Aloxe-Corton 1er Cru Clos du Chapitre,fr,AOC Aloxe-Corton 1er Cru Clos du Chapitre.mp3
Aloxe-Corton 1er Cru La Coutière,fr,AOC Aloxe-Corton 1er Cru La Coutière.mp3
Aloxe-Corton 1er Cru La Maréchaude,fr,AOC Aloxe-Corton 1er Cru La Maréchaude.mp3
Aloxe-Corton 1er Cru La Toppe au Vert,fr,AOC Aloxe-Corton 1er Cru La Toppe au Vert.mp3
Aloxe-Corton 1er Cru Les Chaillots blanc,fr,AOC Aloxe-Corton 1er Cru Les Chaillots blanc.mp3
Aloxe-Corton 1er Cru Les Fournières,fr,AOC Aloxe-Corton 1er Cru Les Fournières.mp3
Aloxe-Corton 1er Cru Les Guérets,fr,AOC Aloxe-Corton 1er Cru Les Guérets.mp3
Aloxe-Corton 1er Cru Les Maréchaudes,fr,AOC Aloxe-Corton 1er Cru Les Maréchaudes.mp3
Aloxe-Corton 1er Cru Les Moutottes,fr,AOC Aloxe-Corton 1er Cru Les Moutottes.mp3
Aloxe-Corton 1er Cru Les Paulands,fr,AOC Aloxe-Corton 1er Cru Les Paulands.mp3
Aloxe-Corton 1er Cru Les Petites Folières,fr,AOC Aloxe-Corton 1er Cru Les Petites Folières.mp3
Aloxe-Corton 1er Cru Les Valozières,fr,AOC Aloxe-Corton 1er Cru Les Valozières.mp3
Aloxe-Corton 1er Cru Les Vercots,fr,AOC Aloxe-Corton 1er Cru Les Vercots.mp3
Aloxe-Corton 1er Cru,fr,AOC Aloxe-Corton 1er Cru.mp3
Charlemagne Grand Cru (Aloxe),fr,AOC Charlemagne Grand Cru (Aloxe).mp3
Corton Grand Cru(Aloxe),fr,AOC Corton Grand Cru(Aloxe).mp3
Corton-Charlemagne Grand Cru(Aloxe),fr,AOC Corton-Charlemagne Grand Cru(Aloxe).mp3
Savigny-lès-Beaune ou Savigny-lès-Beaune Côte de Beaune,fr,AOC Savigny-lès-Beaune ou Savigny-lès-Beaune Côte de Beaune.mp3
Savigny-lès-Beaune Village,fr,AOC Savigny-lès-Beaune Village.mp3
Savigny-lès-Beaune 1er Cru Aux Clous,fr,AOC Savigny-lès-Beaune 1er Cru Aux Clous.mp3
Savigny-lès-Beaune 1er Cru Aux Fourneaux,fr,AOC Savigny-lès-Beaune 1er Cru Aux Fourneaux.mp3
Savigny-lès-Beaune 1er Cru Aux Gravains,fr,AOC Savigny-lès-Beaune 1er Cru Aux Gravains.mp3
Savigny-lès-Beaune 1er Cru Aux Guettes,fr,AOC Savigny-lès-Beaune 1er Cru Aux Guettes.mp3
Savigny-lès-Beaune 1er Cru Aux Serpentières,fr,AOC Savigny-lès-Beaune 1er Cru Aux Serpentières.mp3
Savigny-lès-Beaune 1er Cru Basses Vergelesses,fr,AOC Savigny-lès-Beaune 1er Cru Basses Vergelesses.mp3
Savigny-lès-Beaune 1er Cru Bataillère,fr,AOC Savigny-lès-Beaune 1er Cru Bataillère.mp3
Savigny-lès-Beaune 1er Cru Champ Chevrey,fr,AOC Savigny-lès-Beaune 1er Cru Champ Chevrey.mp3
Savigny-lès-Beaune 1er Cru La Dominode,fr,AOC Savigny-lès-Beaune 1er Cru La Dominode.mp3
Savigny-lès-Beaune 1er Cru Les Charnières,fr,AOC Savigny-lès-Beaune 1er Cru Les Charnières.mp3
Savigny-lès-Beaune 1er Cru Les Hauts Jarrons,fr,AOC Savigny-lès-Beaune 1er Cru Les Hauts Jarrons.mp3
Savigny-lès-Beaune 1er Cru Les Hauts Marconnets,fr,AOC Savigny-lès-Beaune 1er Cru Les Hauts Marconnets.mp3
Savigny-lès-Beaune 1er Cru Les Jarrons,fr,AOC Savigny-lès-Beaune 1er Cru Les Jarrons.mp3
Savigny-lès-Beaune 1er Cru Les Lavières,fr,AOC Savigny-lès-Beaune 1er Cru Les Lavières.mp3
Savigny-lès-Beaune 1er Cru Les Marconnets,fr,AOC Savigny-lès-Beaune 1er Cru Les Marconnets.mp3
Savigny-lès-Beaune 1er Cru Les Narbantons,fr,AOC Savigny-lès-Beaune 1er Cru Les Narbantons.mp3
Savigny-lès-Beaune 1er Cru Les Peuillets,fr,AOC Savigny-lès-Beaune 1er Cru Les Peuillets.mp3
Savigny-lès-Beaune 1er Cru Les Rouvrettes,fr,AOC Savigny-lès-Beaune 1er Cru Les Rouvrettes.mp3
Savigny-lès-Beaune 1er Cru Les Talmettes,fr,AOC Savigny-lès-Beaune 1er Cru Les Talmettes.mp3
Savigny-lès-Beaune 1er Cru Les Vergelesses,fr,AOC Savigny-lès-Beaune 1er Cru Les Vergelesses.mp3
Savigny-lès-Beaune 1er Cru Petits Godeaux,fr,AOC Savigny-lès-Beaune 1er Cru Petits Godeaux.mp3
Savigny-lès-Beaune 1er Cru Redrescul,fr,AOC Savigny-lès-Beaune 1er Cru Redrescul.mp3
Savigny-lès-Beaune 1er Cru,fr,AOC Savigny-lès-Beaune 1er Cru.mp3
Chorey-lès-Beaune Village,fr,AOC Chorey-lès-Beaune Village.mp3
Beaune Village,fr,AOC Beaune Village.mp3
Beaune 1er Cru A l'Ecu,fr,AOC Beaune 1er Cru A l'Ecu.mp3
Beaune 1er Cru Aux Coucherias,fr,AOC Beaune 1er Cru Aux Coucherias.mp3
Beaune 1er Cru Aux Cras,fr,AOC Beaune 1er Cru Aux Cras.mp3
Beaune 1er Cru Belissand,fr,AOC Beaune 1er Cru Belissand.mp3
Beaune 1er Cru Blanches Fleurs,fr,AOC Beaune 1er Cru Blanches Fleurs.mp3
Beaune 1er Cru Champs Pimont,fr,AOC Beaune 1er Cru Champs Pimont.mp3
Beaune 1er Cru Clos de l'Ecu,fr,AOC Beaune 1er Cru Clos de l'Ecu.mp3
Beaune 1er Cru Clos de la Feguine,fr,AOC Beaune 1er Cru Clos de la Feguine.mp3
Beaune 1er Cru Clos de la Mousse,fr,AOC Beaune 1er Cru Clos de la Mousse.mp3
Beaune 1er Cru Clos des Avaux,fr,AOC Beaune 1er Cru Clos des Avaux.mp3
Beaune 1er Cru Clos des Ursules,fr,AOC Beaune 1er Cru Clos des Ursules.mp3
Beaune 1er Cru Clos du Roi,fr,AOC Beaune 1er Cru Clos du Roi.mp3
Beaune 1er Cru Clos Saint-Landry,fr,AOC Beaune 1er Cru Clos Saint-Landry.mp3
Beaune 1er Cru En Genêt,fr,AOC Beaune 1er Cru En Genêt.mp3
Beaune 1er Cru En l'Orme,fr,AOC Beaune 1er Cru En l'Orme.mp3
Beaune 1er Cru La Mignotte,fr,AOC Beaune 1er Cru La Mignotte.mp3
Beaune 1er Cru Le Bas des Teurons,fr,AOC Beaune 1er Cru Le Bas des Teurons.mp3
Beaune 1er Cru Le Clos des Mouches,fr,AOC Beaune 1er Cru Le Clos des Mouches.mp3
Beaune 1er Cru Les Aigrots,fr,AOC Beaune 1er Cru Les Aigrots.mp3
Beaune 1er Cru Les Avaux,fr,AOC Beaune 1er Cru Les Avaux.mp3
Beaune 1er Cru Les Boucherottes,fr,AOC Beaune 1er Cru Les Boucherottes.mp3
Beaune 1er Cru Les Bressandes,fr,AOC Beaune 1er Cru Les Bressandes.mp3
Beaune 1er Cru Les Cents Vignes,fr,AOC Beaune 1er Cru Les Cents Vignes.mp3
Beaune 1er Cru Les Chouacheux,fr,AOC Beaune 1er Cru Les Chouacheux.mp3
Beaune 1er Cru Les Epenotes,fr,AOC Beaune 1er Cru Les Epenotes.mp3
Beaune 1er Cru Les Fèves,fr,AOC Beaune 1er Cru Les Fèves.mp3
Beaune 1er Cru Les Grèves,fr,AOC Beaune 1er Cru Les Grèves.mp3
Beaune 1er Cru Les Marconnets,fr,AOC Beaune 1er Cru Les Marconnets.mp3
Beaune 1er Cru Les Montrevenots,fr,AOC Beaune 1er Cru Les Montrevenots.mp3
Beaune 1er Cru Les Perrières,fr,AOC Beaune 1er Cru Les Perrières.mp3
Beaune 1er Cru Les Reversés,fr,AOC Beaune 1er Cru Les Reversés.mp3
Beaune 1er Cru Les Sceaux,fr,AOC Beaune 1er Cru Les Sceaux.mp3
Beaune 1er Cru Les Seurey,fr,AOC Beaune 1er Cru Les Seurey.mp3
Beaune 1er Cru Les Sizies,fr,AOC Beaune 1er Cru Les Sizies.mp3
Beaune 1er Cru Les Teurons,fr,AOC Beaune 1er Cru Les Teurons.mp3
Beaune 1er Cru Les Toussaints,fr,AOC Beaune 1er Cru Les Toussaints.mp3
Beaune 1er Cru Les Tuvilains,fr,AOC Beaune 1er Cru Les Tuvilains.mp3
Beaune 1er Cru Les Vignes Franches,fr,AOC Beaune 1er Cru Les Vignes Franches.mp3
Beaune 1er Cru Montée Rouge,fr,AOC Beaune 1er Cru Montée Rouge.mp3
Beaune 1er Cru Pertuisots,fr,AOC Beaune 1er Cru Pertuisots.mp3
Beaune 1er Cru Sur les Grèves - Clos Saint-Anne,fr,AOC Beaune 1er Cru Sur les Grèves - Clos Saint-Anne.mp3
Beaune 1er Cru Sur les Grèves,fr,AOC Beaune 1er Cru Sur les Grèves.mp3
Beaune 1er Cru,fr,AOC Beaune 1er Cru.mp3
Pommard Village,fr,AOC Pommard Village.mp3
Pommard 1er Cru Clos Blanc,fr,AOC Pommard 1er Cru Clos Blanc.mp3
Pommard 1er Cru Clos de la Commaraine,fr,AOC Pommard 1er Cru Clos de la Commaraine.mp3
Pommard 1er Cru Clos de Verger,fr,AOC Pommard 1er Cru Clos de Verger.mp3
Pommard 1er Cru Clos des Epeneaux,fr,AOC Pommard 1er Cru Clos des Epeneaux.mp3
Pommard 1er Cru Derrière Saint-Jean,fr,AOC Pommard 1er Cru Derrière Saint-Jean.mp3
Pommard 1er Cru En Largillière,fr,AOC Pommard 1er Cru En Largillière.mp3
Pommard 1er Cru La Chanière,fr,AOC Pommard 1er Cru La Chanière.mp3
Pommard 1er Cru La Platière,fr,AOC Pommard 1er Cru La Platière.mp3
Pommard 1er Cru La Refène,fr,AOC Pommard 1er Cru La Refène.mp3
Pommard 1er Cru Le Clos Micot,fr,AOC Pommard 1er Cru Le Clos Micot.mp3
Pommard 1er Cru Le Village,fr,AOC Pommard 1er Cru Le Village.mp3
Pommard 1er Cru Les Arvelets,fr,AOC Pommard 1er Cru Les Arvelets.mp3
Pommard 1er Cru Les Bertins,fr,AOC Pommard 1er Cru Les Bertins.mp3
Pommard 1er Cru Les Boucherottes,fr,AOC Pommard 1er Cru Les Boucherottes.mp3
Pommard 1er Cru Les Chanlins-Bas,fr,AOC Pommard 1er Cru Les Chanlins-Bas.mp3
Pommard 1er Cru Les Chaponnières,fr,AOC Pommard 1er Cru Les Chaponnières.mp3
Pommard 1er Cru Les Charmots,fr,AOC Pommard 1er Cru Les Charmots.mp3
Pommard 1er Cru Les Combes Dessus,fr,AOC Pommard 1er Cru Les Combes Dessus.mp3
Pommard 1er Cru Les Croix Noires,fr,AOC Pommard 1er Cru Les Croix Noires.mp3
Pommard 1er Cru Les Fremiers,fr,AOC Pommard 1er Cru Les Fremiers.mp3
Pommard 1er Cru Les Grands Epenots,fr,AOC Pommard 1er Cru Les Grands Epenots.mp3
Pommard 1er Cru Les Jarolières,fr,AOC Pommard 1er Cru Les Jarolières.mp3
Pommard 1er Cru Les Petits Epenots,fr,AOC Pommard 1er Cru Les Petits Epenots.mp3
Pommard 1er Cru Les Pézerolles,fr,AOC Pommard 1er Cru Les Pézerolles.mp3
Pommard 1er Cru Les Poutures,fr,AOC Pommard 1er Cru Les Poutures.mp3
Pommard 1er Cru Les Rugiens Bas,fr,AOC Pommard 1er Cru Les Rugiens Bas.mp3
Pommard 1er Cru Les Rugiens Hauts,fr,AOC Pommard 1er Cru Les Rugiens Hauts.mp3
Pommard 1er Cru Les Saussilles,fr,AOC Pommard 1er Cru Les Saussilles.mp3
Pommard 1er Cru,fr,AOC Pommard 1er Cru.mp3
Domaine du Comte Armand,fr,Domaine du Comte Armand.mp3
Domaine François Gaunoux,fr,Domaine François Gaunoux.mp3
Domaine Jean Monnier,fr,Domaine Jean Monnier.mp3
Domaine Loubet Dewailly,fr,Domaine Loubet Dewailly.mp3
Domaine Michel Gaunoux,fr,Domaine Michel Gaunoux.mp3
Domaine Pierre Morey et domaine Michel Caillot,fr,Domaine Pierre Morey et domaine Michel Caillot.mp3
Domaine Rebourgeon-Mure,fr,Domaine Rebourgeon-Mure.mp3
Domaine Clos de la Chapelle,fr,Domaine Clos de la Chapelle.mp3
Domaine Laurent,fr,Domaine Laurent.mp3
Domaine de Montille,fr,Domaine de Montille.mp3
Domaine Dubreuil-Fontaine,fr,Domaine Dubreuil-Fontaine.mp3
Domaine de Courcel,fr,Domaine de Courcel.mp3
Domaine François Gaunoux,fr,Domaine François Gaunoux.mp3
Château de Meursault,fr,Château de Meursault.mp3
Domaine des Hospices de Beaune,fr,Domaine des Hospices de Beaune.mp3
Domaine Moissenet-Bonnard,fr,Domaine Moissenet-Bonnard.mp3
Domaine Antoine Jobard,fr,Domaine Antoine Jobard.mp3
Maison Louis Latour,fr,Maison Louis Latour.mp3
Domaine Jean-Luc Joillot,fr,Domaine Jean-Luc Joillot.mp3
Domaine Nicolas Rossignol,fr,Domaine Nicolas Rossignol.mp3
Domaine Vaudoisey-Creusefond,fr,Domaine Vaudoisey-Creusefond.mp3
Domaine Thierry Violot-Guillemard ,fr,Domaine Thierry Violot-Guillemard .mp3
Domaine Joseph Voillot,fr,Domaine Joseph Voillot.mp3
Domaine Dubreuil-Fontaine,fr,Domaine Dubreuil-Fontaine.mp3
Domaine de Montille,fr,Domaine de Montille.mp3
Domaine des Hospices de Beaune,fr,Domaine des Hospices de Beaune.mp3
Domaine Michel Gaunoux,fr,Domaine Michel Gaunoux.mp3
Domaine Fernand et Laurent Pillot,fr,Domaine Fernand et Laurent Pillot.mp3
Domaine Loubet-Dewailly,fr,Domaine Loubet-Dewailly.mp3
Maison Louis Jadot,fr,Maison Louis Jadot.mp3
Domaine Roy-Jacquelin,fr,Domaine Roy-Jacquelin.mp3
Domaine Aleth Girardin,fr,Domaine Aleth Girardin.mp3
Maison Albert Bichot,fr,Maison Albert Bichot.mp3
Domaine Pierre-Yves Masson,fr,Domaine Pierre-Yves Masson.mp3
Domaine Billard-Gonnet,fr,Domaine Billard-Gonnet.mp3
Domaine Lejeune,fr,Domaine Lejeune.mp3
Domaine Joseph Voillot,fr,Domaine Joseph Voillot.mp3
Domaine Jean-Marc Boillot,fr,Domaine Jean-Marc Boillot.mp3
Maison Fatien,fr,Maison Fatien.mp3
Domaine de Courcel,fr,Domaine de Courcel.mp3
Domaine Yvon Clerget,fr,Domaine Yvon Clerget.mp3
Domaine des Hospices de Beaune,fr,Domaine des Hospices de Beaune.mp3
Domaine François Gaunoux,fr,Domaine François Gaunoux.mp3
Domaine Fernand et Laurent Pillot,fr,Domaine Fernand et Laurent Pillot.mp3
Domaine Faiveley,fr,Domaine Faiveley.mp3
Domaine Heitz-Lochardet,fr,Domaine Heitz-Lochardet.mp3
Domaine du Château de Savigny,fr,Domaine du Château de Savigny.mp3
Domaine Thierry Violot-Guillemard,fr,Domaine Thierry Violot-Guillemard.mp3
Maison Bouchard Père et Fils,fr,Maison Bouchard Père et Fils.mp3
Domaine Jean-Marc Bouley,fr,Domaine Jean-Marc Bouley.mp3
Domaine Bernard et Thierry Glantenay,fr,Domaine Bernard et Thierry Glantenay.mp3
Domaine Jean Javillier,fr,Domaine Jean Javillier.mp3
Domaine Fontaine-Gagnard,fr,Domaine Fontaine-Gagnard.mp3
Domaine Georges Glantenay et Fils,fr,Domaine Georges Glantenay et Fils.mp3
Domaine François Buffet,fr,Domaine François Buffet.mp3
Domaine Michel Rebourgeon,fr,Domaine Michel Rebourgeon.mp3
Volnay Village,fr,AOC Volnay Village.mp3
Volnay 1er Cru Carelle sous la Chapelle,fr,AOC Volnay 1er Cru Carelle sous la Chapelle.mp3
Volnay 1er Cru Champans,fr,AOC Volnay 1er Cru Champans.mp3
Volnay 1er Cru Clos de l'Audignac,fr,AOC Volnay 1er Cru Clos de l'Audignac.mp3
Volnay 1er Cru Clos de la Barre,fr,AOC Volnay 1er Cru Clos de la Barre.mp3
Volnay 1er Cru Clos de la Bousse-d'Or,fr,AOC Volnay 1er Cru Clos de la Bousse-d'Or.mp3
Volnay 1er Cru Clos de la Cave des Ducs,fr,AOC Volnay 1er Cru Clos de la Cave des Ducs.mp3
Volnay 1er Cru Clos de la Chapelle,fr,AOC Volnay 1er Cru Clos de la Chapelle.mp3
Volnay 1er Cru Clos de la Rougeotte,fr,AOC Volnay 1er Cru Clos de la Rougeotte.mp3
Volnay 1er Cru Clos des 60 ouvrées,fr,AOC Volnay 1er Cru Clos des 60 ouvrées.mp3
Volnay 1er Cru Clos des Chênes,fr,AOC Volnay 1er Cru Clos des Chênes.mp3
Volnay 1er Cru Clos des Ducs,fr,AOC Volnay 1er Cru Clos des Ducs.mp3
Volnay 1er Cru Clos du Château des Ducs,fr,AOC Volnay 1er Cru Clos du Château des Ducs.mp3
Volnay 1er Cru Clos du Verseuil,fr,AOC Volnay 1er Cru Clos du Verseuil.mp3
Volnay 1er Cru En Chevret,fr,AOC Volnay 1er Cru En Chevret.mp3
Volnay 1er Cru Frémiets - Clos de la Rougeotte,fr,AOC Volnay 1er Cru Frémiets - Clos de la Rougeotte.mp3
Volnay 1er Cru Frémiets,fr,AOC Volnay 1er Cru Frémiets.mp3
Volnay 1er Cru La Gigotte,fr,AOC Volnay 1er Cru La Gigotte.mp3
Volnay 1er Cru Lassolle,fr,AOC Volnay 1er Cru Lassolle.mp3
Volnay 1er Cru Le Ronceret,fr,AOC Volnay 1er Cru Le Ronceret.mp3
Volnay 1er Cru Le Village,fr,AOC Volnay 1er Cru Le Village.mp3
Volnay 1er Cru Les Angles,fr,AOC Volnay 1er Cru Les Angles.mp3
Volnay 1er Cru Les Brouillards,fr,AOC Volnay 1er Cru Les Brouillards.mp3
Volnay 1er Cru Les Caillerets,fr,AOC Volnay 1er Cru Les Caillerets.mp3
Volnay 1er Cru Les Lurets,fr,AOC Volnay 1er Cru Les Lurets.mp3
Volnay 1er Cru Les Mitans,fr,AOC Volnay 1er Cru Les Mitans.mp3
Volnay 1er Cru Pitures Dessus,fr,AOC Volnay 1er Cru Pitures Dessus.mp3
Volnay 1er Cru Robardelle,fr,AOC Volnay 1er Cru Robardelle.mp3
Volnay 1er Cru Santenots,fr,AOC Volnay 1er Cru Santenots.mp3
Volnay 1er Cru Taille Pieds,fr,AOC Volnay 1er Cru Taille Pieds.mp3
Volnay 1er Cru,fr,AOC Volnay 1er Cru.mp3
Bouchard Père et Fils,fr,Bouchard Père et Fils.mp3
Bernard Delagrange,fr,Bernard Delagrange.mp3
Domaine Jean Javillier,fr,Domaine Jean Javillier.mp3
Domaine Jean-Marc Bouley,fr,Domaine Jean-Marc Bouley.mp3
Domaine Louis Boillot,fr,Domaine Louis Boillot.mp3
Domaine Lucien Boillot,fr,Domaine Lucien Boillot.mp3
Domaine Christophe Thilloux,fr,Domaine Christophe Thilloux.mp3
Christophe Vaudoisey,fr,Christophe Vaudoisey.mp3
Nicolas Rossignol,fr,Nicolas Rossignol.mp3
Marquis d'Angerville,fr,Marquis d'Angerville.mp3
Domaine Henri Boillot,fr,Domaine Henri Boillot.mp3
Domaine Jean Pascal,fr,Domaine Jean Pascal.mp3
Domaine Bernard et Thierry,fr,Domaine Bernard et Thierry.mp3
Domaine de la Pousse d'Or,fr,Domaine de la Pousse d'Or.mp3
Domaine Rebourgeon-Mure,fr,Domaine Rebourgeon-Mure.mp3
Domaine Yvon Clerget,fr,Domaine Yvon Clerget.mp3
Domaine des Hospices de Beaune,fr,Domaine des Hospices de Beaune.mp3
Caves de l'Orangerie Christophe Pont,fr,Caves de l'Orangerie Christophe Pont.mp3
Domaine Bitouzet-Prieur,fr,Domaine Bitouzet-Prieur.mp3
Domaine Joseph Voillot,fr,Domaine Joseph Voillot.mp3
Domaine Michel Lafarge,fr,Domaine Michel Lafarge.mp3
Domaine Michel Prunier et fille,fr,Domaine Michel Prunier et fille.mp3
Domaine des Petits Champs Lins,fr,Domaine des Petits Champs Lins.mp3
Monthélie Village,fr,AOC Monthélie Village.mp3
Monthélie 1er Cru Clos des Toisières,fr,AOC Monthélie 1er Cru Clos des Toisières.mp3
Monthélie 1er Cru La Taupine,fr,AOC Monthélie 1er Cru La Taupine.mp3
Monthélie 1er Cru Le Cas Rougeot,fr,AOC Monthélie 1er Cru Le Cas Rougeot.mp3
Monthélie 1er Cru Le Château Gaillard,fr,AOC Monthélie 1er Cru Le Château Gaillard.mp3
Monthélie 1er Cru Le Clos Gauthey,fr,AOC Monthélie 1er Cru Le Clos Gauthey.mp3
Monthélie 1er Cru Le Clou des Chênes,fr,AOC Monthélie 1er Cru Le Clou des Chênes.mp3
Monthélie 1er Cru Le Meix Bataille,fr,AOC Monthélie 1er Cru Le Meix Bataille.mp3
Monthélie 1er Cru Le Village,fr,AOC Monthélie 1er Cru Le Village.mp3
Monthélie 1er Cru Les Barbières,fr,AOC Monthélie 1er Cru Les Barbières.mp3
Monthélie 1er Cru Les Champs Fulliots,fr,AOC Monthélie 1er Cru Les Champs Fulliots.mp3
Monthélie 1er Cru Les Clous,fr,AOC Monthélie 1er Cru Les Clous.mp3
Monthélie 1er Cru Les Duresses,fr,AOC Monthélie 1er Cru Les Duresses.mp3
Monthélie 1er Cru Les Riottes,fr,AOC Monthélie 1er Cru Les Riottes.mp3
Monthélie 1er Cru Les Vignes Rondes,fr,AOC Monthélie 1er Cru Les Vignes Rondes.mp3
Monthélie 1er Cru Sur la Velle,fr,AOC Monthélie 1er Cru Sur la Velle.mp3
Monthélie 1er Cru,fr,AOC Monthélie 1er Cru.mp3
Saint-Romain Village,fr,AOC Saint-Romain Village.mp3
Auxey-Duresses Village,fr,AOC Auxey-Duresses Village.mp3
Auxey-Duresses 1er Cru Bas des Duresses,fr,AOC Auxey-Duresses 1er Cru Bas des Duresses.mp3
Auxey-Duresses 1er Cru Climat du Val,fr,AOC Auxey-Duresses 1er Cru Climat du Val.mp3
Auxey-Duresses 1er Cru Clos du Val,fr,AOC Auxey-Duresses 1er Cru Clos du Val.mp3
Auxey-Duresses 1er Cru La Chapelle,fr,AOC Auxey-Duresses 1er Cru La Chapelle.mp3
Auxey-Duresses 1er Cru Les Bréterins,fr,AOC Auxey-Duresses 1er Cru Les Bréterins.mp3
Auxey-Duresses 1er Cru Les Duresses,fr,AOC Auxey-Duresses 1er Cru Les Duresses.mp3
Auxey-Duresses 1er Cru Les Ecussaux,fr,AOC Auxey-Duresses 1er Cru Les Ecussaux.mp3
Auxey-Duresses 1er Cru Les Grands Champs,fr,AOC Auxey-Duresses 1er Cru Les Grands Champs.mp3
Auxey-Duresses 1er Cru Reugne,fr,AOC Auxey-Duresses 1er Cru Reugne.mp3
Auxey-Duresses 1er Cru,fr,AOC Auxey-Duresses 1er Cru.mp3
Meursault ou Meursault Côte de Beaune,fr,AOC Meursault ou Meursault Côte de Beaune.mp3
Meursault Village,fr,AOC Meursault Village.mp3
Meursault 1er Cru Blagny,fr,AOC Meursault 1er Cru Blagny.mp3
Meursault 1er Cru Charmes,fr,AOC Meursault 1er Cru Charmes.mp3
Meursault 1er Cru Clos des Perrières,fr,AOC Meursault 1er Cru Clos des Perrières.mp3
Meursault 1er Cru Genevrières,fr,AOC Meursault 1er Cru Genevrières.mp3
Meursault 1er Cru La Jeunellotte,fr,AOC Meursault 1er Cru La Jeunellotte.mp3
Meursault 1er Cru La Pièce sous le Bois,fr,AOC Meursault 1er Cru La Pièce sous le Bois.mp3
Meursault 1er Cru Le Porusot,fr,AOC Meursault 1er Cru Le Porusot.mp3
Meursault 1er Cru Les Bouchères,fr,AOC Meursault 1er Cru Les Bouchères.mp3
Meursault 1er Cru Les Caillerets,fr,AOC Meursault 1er Cru Les Caillerets.mp3
Meursault 1er Cru Les Cras,fr,AOC Meursault 1er Cru Les Cras.mp3
Meursault 1er Cru Les Gouttes d'Or,fr,AOC Meursault 1er Cru Les Gouttes d'Or.mp3
Meursault 1er Cru Les Plures,fr,AOC Meursault 1er Cru Les Plures.mp3
Meursault 1er Cru Les Ravelles,fr,AOC Meursault 1er Cru Les Ravelles.mp3
Meursault 1er Cru Les Santenots Blancs,fr,AOC Meursault 1er Cru Les Santenots Blancs.mp3
Meursault 1er Cru Les Santenots du Milieu,fr,AOC Meursault 1er Cru Les Santenots du Milieu.mp3
Meursault 1er Cru Perrières,fr,AOC Meursault 1er Cru Perrières.mp3
Meursault 1er Cru Porusot,fr,AOC Meursault 1er Cru Porusot.mp3
Meursault 1er Cru Sous le Dos d'Ane,fr,AOC Meursault 1er Cru Sous le Dos d'Ane.mp3
Meursault 1er Cru,fr,AOC Meursault 1er Cru.mp3
Domaine des Comtes Lafon,fr,Domaine des Comtes Lafon.mp3
Domaine Boyer Martenot,fr,Domaine Boyer Martenot.mp3
Domaine Jean Monnier & Fils,fr,Domaine Jean Monnier & Fils.mp3
Domaine Michel Bouzereauet Fils,fr,Domaine Michel Bouzereauet Fils.mp3
Domaine Bouzereau-Gruèreet Filles,fr,Domaine Bouzereau-Gruèreet Filles.mp3
Maison Louis Jadot,fr,Maison Louis Jadot.mp3
Domaine Latour-Giraud,fr,Domaine Latour-Giraud.mp3
Domaine Briotet,fr,Domaine Briotet.mp3
Domaine Michelot,fr,Domaine Michelot.mp3
Domaine François Mikulski,fr,Domaine François Mikulski.mp3
Maison Bouchard Père et Fils,fr,Maison Bouchard Père et Fils.mp3
Domaine Antoine Jobard,fr,Domaine Antoine Jobard.mp3
Domaine Ballot-Millot,fr,Domaine Ballot-Millot.mp3
Domaine Rémi Jobard,fr,Domaine Rémi Jobard.mp3
Domaine Boisson-Vadot,fr,Domaine Boisson-Vadot.mp3
Domaine Buisson-Battault,fr,Domaine Buisson-Battault.mp3
Domaine des Hospices de Beaune,fr,Domaine des Hospices de Beaune.mp3
Domaine Bernard-Bonin,fr,Domaine Bernard-Bonin.mp3
Domaine Arnaud Tessier,fr,Domaine Arnaud Tessier.mp3
Domaine Chavy-Chouet,fr,Domaine Chavy-Chouet.mp3
Domaine Coche-Dury,fr,Domaine Coche-Dury.mp3
Domaine Guy Bocard,fr,Domaine Guy Bocard.mp3
Château de Savigny,fr,Château de Savigny.mp3
Domaine Brunet-Randon,fr,Domaine Brunet-Randon.mp3
Domaine Darviot-Perrin,fr,Domaine Darviot-Perrin.mp3
Benjamin Leroux,fr,Benjamin Leroux.mp3
Domaine Henri Boillot,fr,Domaine Henri Boillot.mp3
Domaine des Comtes Lafon,fr,Domaine des Comtes Lafon.mp3
Domaine Vincent Latour,fr,Domaine Vincent Latour.mp3
Domaine des Hospices de Beaune,fr,Domaine des Hospices de Beaune.mp3
Domaine Tessier,fr,Domaine Tessier.mp3
Domaine de Montille,fr,Domaine de Montille.mp3
Domaine Rémi Jobard,fr,Domaine Rémi Jobard.mp3
Domaine Antoine Jobard,fr,Domaine Antoine Jobard.mp3
Bouchard Père et Fils,fr,Bouchard Père et Fils.mp3
Alain et Vincent Creusefond,fr,Alain et Vincent Creusefond.mp3
Domaine Roulot,fr,Domaine Roulot.mp3
Domaine Buisson-Battault,fr,Domaine Buisson-Battault.mp3
Olivier Leflaive,fr,Olivier Leflaive.mp3
Domaine Henri Germain et Fils,fr,Domaine Henri Germain et Fils.mp3
Domaine Laurent,fr,Domaine Laurent.mp3
Domaine Vincent Bouzereau,fr,Domaine Vincent Bouzereau.mp3
Domaine Jean-Marie Bouzereau,fr,Domaine Jean-Marie Bouzereau.mp3
Domaine François Mikulski,fr,Domaine François Mikulski.mp3
Domaine Pascal Pouhin,fr,Domaine Pascal Pouhin.mp3
Domaine Roux,fr,Domaine Roux.mp3
Domaine Alain Patriarche,fr,Domaine Alain Patriarche.mp3
Maison Louis Jadot,fr,Maison Louis Jadot.mp3
Domaine Latour-Giraud,fr,Domaine Latour-Giraud.mp3
Domaine Jean Javillier et Fils,fr,Domaine Jean Javillier et Fils.mp3
Domaine Michelot,fr,Domaine Michelot.mp3
Domaine d'Eugénie,fr,Domaine d'Eugénie.mp3
Domaine Jobard-Morey,fr,Domaine Jobard-Morey.mp3
Domaine Cholet-Pelletier,fr,Domaine Cholet-Pelletier.mp3
Domaine Potinet-Ampeau,fr,Domaine Potinet-Ampeau.mp3
Blagny Village,fr,AOC Blagny Village.mp3
Blagny 1er Cru Hameau de Blagny,fr,AOC Blagny 1er Cru Hameau de Blagny.mp3
Blagny 1er Cru La Garenne ou sur la Garenne,fr,AOC Blagny 1er Cru La Garenne ou sur la Garenne.mp3
Blagny 1er Cru La Jeunellotte,fr,AOC Blagny 1er Cru La Jeunellotte.mp3
Blagny 1er Cru La Pièce sous le Bois,fr,AOC Blagny 1er Cru La Pièce sous le Bois.mp3
Blagny 1er Cru Sous Blagny,fr,AOC Blagny 1er Cru Sous Blagny.mp3
Blagny 1er Cru Sous le Dos d'Ane,fr,AOC Blagny 1er Cru Sous le Dos d'Ane.mp3
Blagny 1er Cru Sous le Puits,fr,AOC Blagny 1er Cru Sous le Puits.mp3
Blagny 1er Cru,fr,AOC Blagny 1er Cru.mp3
Puligny-Montrachet Village,fr,AOC Puligny-Montrachet Village.mp3
Bâtard-Montrachet Grand Cru(Puligny),fr,AOC Bâtard-Montrachet Grand Cru(Puligny).mp3
Bienvenues-Bâtard-Montrachet Grand Cru ,fr,AOC Bienvenues-Bâtard-Montrachet Grand Cru .mp3
Chevalier-Montrachet Grand Cru,fr,AOC Chevalier-Montrachet Grand Cru.mp3
Montrachet Grand Cru(Puligny),fr,AOC Montrachet Grand Cru(Puligny).mp3
Domaine Leflaive,fr,Domaine Leflaive.mp3
Domaine Caillot,fr,Domaine Caillot.mp3
Paul Pernot et fils,fr,Paul Pernot et fils.mp3
Domaine Ramonet,fr,Domaine Ramonet.mp3
Pierre Morey,fr,Pierre Morey.mp3
Domaine Bachelet-Ramonet,fr,Domaine Bachelet-Ramonet.mp3
Domaine Jomain,fr,Domaine Jomain.mp3
Domaine Gagnard-Delagrange,fr,Domaine Gagnard-Delagrange.mp3
Domaine Barolet-Pernot,fr,Domaine Barolet-Pernot.mp3
Etienne Sauzet,fr,Etienne Sauzet.mp3
Jean Chartron,fr,Jean Chartron.mp3
Joseph Drouhin,fr,Joseph Drouhin.mp3
Domaine Fleurot-Larose,fr,Domaine Fleurot-Larose.mp3
Château de Puligny,fr,Château de Puligny.mp3
Jean-Paul Bavard,fr,Jean-Paul Bavard.mp3
Domaine Michel Niellon,fr,Domaine Michel Niellon.mp3
Domaine Jean-Michel,fr,Domaine Jean-Michel.mp3
Domaine Olivier Leflaive,fr,Domaine Olivier Leflaive.mp3
Maison Bouchard Père & Fils,fr,Maison Bouchard Père & Fils.mp3
Domaine Leflaive,fr,Domaine Leflaive.mp3
Maison Louis Latour,fr,Maison Louis Latour.mp3
Maison Louis Jadot,fr,Maison Louis Jadot.mp3
Domaine Jacques Prieur,fr,Domaine Jacques Prieur.mp3
Domaine Philippe Colin,fr,Domaine Philippe Colin.mp3
Domaine Heitz-Lochardet,fr,Domaine Heitz-Lochardet.mp3
Domaine de la Vougeraie,fr,Domaine de la Vougeraie.mp3
Domaine de Montille,fr,Domaine de Montille.mp3
Puligny-Montrachet 1er Cru Champ Canet,fr,AOC Puligny-Montrachet 1er Cru Champ Canet.mp3
Puligny-Montrachet 1er Cru Champ Gain,fr,AOC Puligny-Montrachet 1er Cru Champ Gain.mp3
Puligny-Montrachet 1er Cru Clavaillon,fr,AOC Puligny-Montrachet 1er Cru Clavaillon.mp3
Puligny-Montrachet 1er Cru Clos de la Garenne,fr,AOC Puligny-Montrachet 1er Cru Clos de la Garenne.mp3
Puligny-Montrachet 1er Cru Clos de la Mouchère,fr,AOC Puligny-Montrachet 1er Cru Clos de la Mouchère.mp3
Puligny-Montrachet 1er Cru Hameau de Blagny,fr,AOC Puligny-Montrachet 1er Cru Hameau de Blagny.mp3
Puligny-Montrachet 1er Cru La Garenne,fr,AOC Puligny-Montrachet 1er Cru La Garenne.mp3
Puligny-Montrachet 1er Cru La Truffière,fr,AOC Puligny-Montrachet 1er Cru La Truffière.mp3
Puligny-Montrachet 1er Cru Le Cailleret,fr,AOC Puligny-Montrachet 1er Cru Le Cailleret.mp3
Puligny-Montrachet 1er Cru Les Chalumaux,fr,AOC Puligny-Montrachet 1er Cru Les Chalumaux.mp3
Puligny-Montrachet 1er Cru Les Combettes,fr,AOC Puligny-Montrachet 1er Cru Les Combettes.mp3
Puligny-Montrachet 1er Cru Les Demoiselles,fr,AOC Puligny-Montrachet 1er Cru Les Demoiselles.mp3
Puligny-Montrachet 1er Cru Les Folatières,fr,AOC Puligny-Montrachet 1er Cru Les Folatières.mp3
Puligny-Montrachet 1er Cru Les Perrières,fr,AOC Puligny-Montrachet 1er Cru Les Perrières.mp3
Puligny-Montrachet 1er Cru Les Pucelles,fr,AOC Puligny-Montrachet 1er Cru Les Pucelles.mp3
Puligny-Montrachet 1er Cru Les Referts,fr,AOC Puligny-Montrachet 1er Cru Les Referts.mp3
Puligny-Montrachet 1er Cru Sous le Puits,fr,AOC Puligny-Montrachet 1er Cru Sous le Puits.mp3
Puligny-Montrachet 1er Cru,fr,AOC Puligny-Montrachet 1er Cru.mp3
Chassagne-Montrachet Village,fr,AOC Chassagne-Montrachet Village.mp3
Chassagne-Montrachet 1er Cru Abbaye de Morgeot,fr,AOC Chassagne-Montrachet 1er Cru Abbaye de Morgeot.mp3
Chassagne-Montrachet 1er Cru Blanchot dessus,fr,AOC Chassagne-Montrachet 1er Cru Blanchot dessus.mp3
Chassagne-Montrachet 1er Cru Bois de Chassagne,fr,AOC Chassagne-Montrachet 1er Cru Bois de Chassagne.mp3
Chassagne-Montrachet 1er Cru Cailleret,fr,AOC Chassagne-Montrachet 1er Cru Cailleret.mp3
Chassagne-Montrachet 1er Cru Champs Jendreau,fr,AOC Chassagne-Montrachet 1er Cru Champs Jendreau.mp3
Chassagne-Montrachet 1er Cru Chassagne du Clos Saint-Jean,fr,AOC Chassagne-Montrachet 1er Cru Chassagne du Clos Saint-Jean.mp3
Chassagne-Montrachet 1er Cru Chassagne,fr,AOC Chassagne-Montrachet 1er Cru Chassagne.mp3
Chassagne-Montrachet 1er Cru Clos Chareau,fr,AOC Chassagne-Montrachet 1er Cru Clos Chareau.mp3
Chassagne-Montrachet 1er Cru Clos Pitois,fr,AOC Chassagne-Montrachet 1er Cru Clos Pitois.mp3
Chassagne-Montrachet 1er Cru Clos Saint-Jean,fr,AOC Chassagne-Montrachet 1er Cru Clos Saint-Jean.mp3
Chassagne-Montrachet 1er Cru Dent de Chien,fr,AOC Chassagne-Montrachet 1er Cru Dent de Chien.mp3
Chassagne-Montrachet 1er Cru En Cailleret,fr,AOC Chassagne-Montrachet 1er Cru En Cailleret.mp3
Chassagne-Montrachet 1er Cru En Remilly,fr,AOC Chassagne-Montrachet 1er Cru En Remilly.mp3
Chassagne-Montrachet 1er Cru En Virondot,fr,AOC Chassagne-Montrachet 1er Cru En Virondot.mp3
Chassagne-Montrachet 1er Cru Ez Crets,fr,AOC Chassagne-Montrachet 1er Cru Ez Crets.mp3
Chassagne-Montrachet 1er Cru Ez Crottes,fr,AOC Chassagne-Montrachet 1er Cru Ez Crottes.mp3
Chassagne-Montrachet 1er Cru Francemont,fr,AOC Chassagne-Montrachet 1er Cru Francemont.mp3
Chassagne-Montrachet 1er Cru Guerchère,fr,AOC Chassagne-Montrachet 1er Cru Guerchère.mp3
Chassagne-Montrachet 1er Cru La Boudriotte,fr,AOC Chassagne-Montrachet 1er Cru La Boudriotte.mp3
Chassagne-Montrachet 1er Cru La Cardeuse,fr,AOC Chassagne-Montrachet 1er Cru La Cardeuse.mp3
Chassagne-Montrachet 1er Cru La Chapelle,fr,AOC Chassagne-Montrachet 1er Cru La Chapelle.mp3
Chassagne-Montrachet 1er Cru La Grande Borne,fr,AOC Chassagne-Montrachet 1er Cru La Grande Borne.mp3
Chassagne-Montrachet 1er Cru La Grande Montagne,fr,AOC Chassagne-Montrachet 1er Cru La Grande Montagne.mp3
Chassagne-Montrachet 1er Cru La Maltroie,fr,AOC Chassagne-Montrachet 1er Cru La Maltroie.mp3
Chassagne-Montrachet 1er Cru La Romanée,fr,AOC Chassagne-Montrachet 1er Cru La Romanée.mp3
Chassagne-Montrachet 1er Cru La Roquemaure,fr,AOC Chassagne-Montrachet 1er Cru La Roquemaure.mp3
Chassagne-Montrachet 1er Cru Les Baudines,fr,AOC Chassagne-Montrachet 1er Cru Les Baudines.mp3
Chassagne-Montrachet 1er Cru Les Boirettes,fr,AOC Chassagne-Montrachet 1er Cru Les Boirettes.mp3
Chassagne-Montrachet 1er Cru Les Bondues,fr,AOC Chassagne-Montrachet 1er Cru Les Bondues.mp3
Chassagne-Montrachet 1er Cru Les Brussonnes,fr,AOC Chassagne-Montrachet 1er Cru Les Brussonnes.mp3
Chassagne-Montrachet 1er Cru Les Champs gain,fr,AOC Chassagne-Montrachet 1er Cru Les Champs gain.mp3
Chassagne-Montrachet 1er Cru Les Chaumées,fr,AOC Chassagne-Montrachet 1er Cru Les Chaumées.mp3
Chassagne-Montrachet 1er Cru Les Chaumes,fr,AOC Chassagne-Montrachet 1er Cru Les Chaumes.mp3
Chassagne-Montrachet 1er Cru Les Chenevottes,fr,AOC Chassagne-Montrachet 1er Cru Les Chenevottes.mp3
Chassagne-Montrachet 1er Cru Les Combards,fr,AOC Chassagne-Montrachet 1er Cru Les Combards.mp3
Chassagne-Montrachet 1er Cru Les Commes,fr,AOC Chassagne-Montrachet 1er Cru Les Commes.mp3
Chassagne-Montrachet 1er Cru Les Embazées,fr,AOC Chassagne-Montrachet 1er Cru Les Embazées.mp3
Chassagne-Montrachet 1er Cru Les Fairendes,fr,AOC Chassagne-Montrachet 1er Cru Les Fairendes.mp3
Chassagne-Montrachet 1er Cru Les Grandes Ruchottes,fr,AOC Chassagne-Montrachet 1er Cru Les Grandes Ruchottes.mp3
Chassagne-Montrachet 1er Cru Les Grands Clos,fr,AOC Chassagne-Montrachet 1er Cru Les Grands Clos.mp3
Chassagne-Montrachet 1er Cru Les Macherelles,fr,AOC Chassagne-Montrachet 1er Cru Les Macherelles.mp3
Chassagne-Montrachet 1er Cru Les Murées,fr,AOC Chassagne-Montrachet 1er Cru Les Murées.mp3
Chassagne-Montrachet 1er Cru Les Pasquelles,fr,AOC Chassagne-Montrachet 1er Cru Les Pasquelles.mp3
Chassagne-Montrachet 1er Cru Les Petites Fairendes,fr,AOC Chassagne-Montrachet 1er Cru Les Petites Fairendes.mp3
Chassagne-Montrachet 1er Cru Les Petits Clos,fr,AOC Chassagne-Montrachet 1er Cru Les Petits Clos.mp3
Chassagne-Montrachet 1er Cru Les Places,fr,AOC Chassagne-Montrachet 1er Cru Les Places.mp3
Chassagne-Montrachet 1er Cru Les Rebichets,fr,AOC Chassagne-Montrachet 1er Cru Les Rebichets.mp3
Chassagne-Montrachet 1er Cru Les Vergers,fr,AOC Chassagne-Montrachet 1er Cru Les Vergers.mp3
Chassagne-Montrachet 1er Cru Morgeot,fr,AOC Chassagne-Montrachet 1er Cru Morgeot.mp3
Chassagne-Montrachet 1er Cru Petingeret,fr,AOC Chassagne-Montrachet 1er Cru Petingeret.mp3
Chassagne-Montrachet 1er Cru Tête du Clos,fr,AOC Chassagne-Montrachet 1er Cru Tête du Clos.mp3
Chassagne-Montrachet 1er Cru Tonton Marcel,fr,AOC Chassagne-Montrachet 1er Cru Tonton Marcel.mp3
Chassagne-Montrachet 1er Cru Vide Bourse,fr,AOC Chassagne-Montrachet 1er Cru Vide Bourse.mp3
Chassagne-Montrachet 1er Cru Vigne Blanche,fr,AOC Chassagne-Montrachet 1er Cru Vigne Blanche.mp3
Chassagne-Montrachet 1er Cru Vigne Derrière,fr,AOC Chassagne-Montrachet 1er Cru Vigne Derrière.mp3
Chassagne-Montrachet 1er Cru,fr,AOC Chassagne-Montrachet 1er Cru.mp3
Bâtard-Montrachet Grand Cru(Chassagne),fr,AOC Bâtard-Montrachet Grand Cru(Chassagne).mp3
Criots-Bâtard-Montrachet Grand Cru,fr,AOC Criots-Bâtard-Montrachet Grand Cru.mp3
Montrachet Grand Cru(Chassagne),fr,AOC Montrachet Grand Cru(Chassagne).mp3
Domaine Leflaive,fr,Domaine Leflaive.mp3
Paul Pernot et fils,fr,Paul Pernot et fils.mp3
Jean-Noël Gagnard,fr,Jean-Noël Gagnard.mp3
Hospices de Beaune,fr,Hospices de Beaune.mp3
Château de la Maltroye,fr,Château de la Maltroye.mp3
Domaine Gagnard-Delagrange,fr,Domaine Gagnard-Delagrange.mp3
Domaine Lequin-Colin,fr,Domaine Lequin-Colin.mp3
Domaine de La Vougeraie,fr,Domaine de La Vougeraie.mp3
Domaine Blain-Gagnard,fr,Domaine Blain-Gagnard.mp3
Thomas Morey,fr,Thomas Morey.mp3
Alex Gambal,fr,Alex Gambal.mp3
Jean-Marc Boillot,fr,Jean-Marc Boillot.mp3
Vincent et François Jouard,fr,Vincent et François Jouard.mp3
Christian Chavy,fr,Christian Chavy.mp3
Marc Morey,fr,Marc Morey.mp3
Patrick Lacroix et fille,fr,Patrick Lacroix et fille.mp3
Domaine Morey-Coffinet,fr,Domaine Morey-Coffinet.mp3
Domaine Coffinet-Duvernay,fr,Domaine Coffinet-Duvernay.mp3
Domaine de la Romanée-Conti,fr,Domaine de la Romanée-Conti.mp3
Michel Niellon,fr,Michel Niellon.mp3
Joseph Drouhin,fr,Joseph Drouhin.mp3
Vincent et Sophie Morey,fr,Vincent et Sophie Morey.mp3
Bouchard Père et Fils,fr,Bouchard Père et Fils.mp3
Domaine Prieur-Brunet,fr,Domaine Prieur-Brunet.mp3
Domaine Fleurot-Larose,fr,Domaine Fleurot-Larose.mp3
Château de Puligny,fr,Château de Puligny.mp3
Paul Jouard,fr,Paul Jouard.mp3
Colin Pierre,fr,Colin Pierre.mp3
Fontaine Gagnard,fr,Fontaine Gagnard.mp3
Piguet Girardin,fr,Piguet Girardin.mp3
Saint-Aubin Village,fr,AOC Saint-Aubin Village.mp3
Saint-Aubin 1er Cru Bas de Vermarain à l'Est,fr,AOC Saint-Aubin 1er Cru Bas de Vermarain à l'Est.mp3
Saint-Aubin 1er Cru Derrière Chez Edouard,fr,AOC Saint-Aubin 1er Cru Derrière Chez Edouard.mp3
Saint-Aubin 1er Cru Derrière la Tour,fr,AOC Saint-Aubin 1er Cru Derrière la Tour.mp3
Saint-Aubin 1er Cru Echaille,fr,AOC Saint-Aubin 1er Cru Echaille.mp3
Saint-Aubin 1er Cru En Créot,fr,AOC Saint-Aubin 1er Cru En Créot.mp3
Saint-Aubin 1er Cru En la Ranché,fr,AOC Saint-Aubin 1er Cru En la Ranché.mp3
Saint-Aubin 1er Cru En Montceau,fr,AOC Saint-Aubin 1er Cru En Montceau.mp3
Saint-Aubin 1er Cru En Remilly,fr,AOC Saint-Aubin 1er Cru En Remilly.mp3
Saint-Aubin 1er Cru En Vollon à l'Est,fr,AOC Saint-Aubin 1er Cru En Vollon à l'Est.mp3
Saint-Aubin 1er Cru Es Champs,fr,AOC Saint-Aubin 1er Cru Es Champs.mp3
Saint-Aubin 1er Cru La Chatenière,fr,AOC Saint-Aubin 1er Cru La Chatenière.mp3
Saint-Aubin 1er Cru Le Bas de Gamay à l'Est,fr,AOC Saint-Aubin 1er Cru Le Bas de Gamay à l'Est.mp3
Saint-Aubin 1er Cru Le Charmois,fr,AOC Saint-Aubin 1er Cru Le Charmois.mp3
Saint-Aubin 1er Cru Le Puits,fr,AOC Saint-Aubin 1er Cru Le Puits.mp3
Saint-Aubin 1er Cru Les Castets,fr,AOC Saint-Aubin 1er Cru Les Castets.mp3
Saint-Aubin 1er Cru Les Champlots,fr,AOC Saint-Aubin 1er Cru Les Champlots.mp3
Saint-Aubin 1er Cru Les Combes au Sud,fr,AOC Saint-Aubin 1er Cru Les Combes au Sud.mp3
Saint-Aubin 1er Cru Les Combes,fr,AOC Saint-Aubin 1er Cru Les Combes.mp3
Saint-Aubin 1er Cru Les Cortons,fr,AOC Saint-Aubin 1er Cru Les Cortons.mp3
Saint-Aubin 1er Cru Les Frionnes,fr,AOC Saint-Aubin 1er Cru Les Frionnes.mp3
Saint-Aubin 1er Cru Les Murgers des Dents de Chien,fr,AOC Saint-Aubin 1er Cru Les Murgers des Dents de Chien.mp3
Saint-Aubin 1er Cru Les Perrières,fr,AOC Saint-Aubin 1er Cru Les Perrières.mp3
Saint-Aubin 1er Cru Les Travers de Marinot,fr,AOC Saint-Aubin 1er Cru Les Travers de Marinot.mp3
Saint-Aubin 1er Cru Marinot,fr,AOC Saint-Aubin 1er Cru Marinot.mp3
Saint-Aubin 1er Cru Pitangeret,fr,AOC Saint-Aubin 1er Cru Pitangeret.mp3
Saint-Aubin 1er Cru Sous Roche Dumay,fr,AOC Saint-Aubin 1er Cru Sous Roche Dumay.mp3
Saint-Aubin 1er Cru Sur Gamay,fr,AOC Saint-Aubin 1er Cru Sur Gamay.mp3
Saint-Aubin 1er Cru Sur le Sentier du Clou,fr,AOC Saint-Aubin 1er Cru Sur le Sentier du Clou.mp3
Saint-Aubin 1er Cru Vignes Moingeon,fr,AOC Saint-Aubin 1er Cru Vignes Moingeon.mp3
Saint-Aubin 1er Cru Village,fr,AOC Saint-Aubin 1er Cru Village.mp3
Saint-Aubin 1er Cru,fr,AOC Saint-Aubin 1er Cru.mp3
Domaine Gérard Thomas,fr,Domaine Gérard Thomas.mp3
Domaine des Meix,fr,Domaine des Meix.mp3
Domaine Larue,fr,Domaine Larue.mp3
Domaine Françoise et Denis Clair,fr,Domaine Françoise et Denis Clair.mp3
Domaine Jean-Charles,fr,Domaine Jean-Charles.mp3
Domaine Langoureau-Fleury,fr,Domaine Langoureau-Fleury.mp3
Domaine Gilles Bouton,fr,Domaine Gilles Bouton.mp3
Domaine Maroslavac-Léger,fr,Domaine Maroslavac-Léger.mp3
Domaine Ramonet,fr,Domaine Ramonet.mp3
Domaine Jean Chartron,fr,Domaine Jean Chartron.mp3
Domaine Berthelemot,fr,Domaine Berthelemot.mp3
Domaine Derain,fr,Domaine Derain.mp3
Domaine Changarnier,fr,Domaine Changarnier.mp3
Domaine Jean-Claude Bachelet,fr,Domaine Jean-Claude Bachelet.mp3
Domaine Bernard Prudhon,fr,Domaine Bernard Prudhon.mp3
Domaine Hubert Lamy,fr,Domaine Hubert Lamy.mp3
Domaine Henri Prudhon,fr,Domaine Henri Prudhon.mp3
Domaine François Legros,fr,Domaine François Legros.mp3
Domaine Philippe Chavy,fr,Domaine Philippe Chavy.mp3
Domaine Chavy-Chouet,fr,Domaine Chavy-Chouet.mp3
Domaine Sofie Bohrmann,fr,Domaine Sofie Bohrmann.mp3
Domaine Roux,fr,Domaine Roux.mp3
Domaine Bergeret,fr,Domaine Bergeret.mp3
Santenay ou Santenay Côte de Beaune,fr,AOC Santenay ou Santenay Côte de Beaune.mp3
Santenay Village,fr,AOC Santenay Village.mp3
Santenay 1er Cru Beauregard,fr,AOC Santenay 1er Cru Beauregard.mp3
Santenay 1er Cru Beaurepaire,fr,AOC Santenay 1er Cru Beaurepaire.mp3
Santenay 1er Cru Clos de Tavannes,fr,AOC Santenay 1er Cru Clos de Tavannes.mp3
Santenay 1er Cru Clos des Mouches,fr,AOC Santenay 1er Cru Clos des Mouches.mp3
Santenay 1er Cru Clos Faubard,fr,AOC Santenay 1er Cru Clos Faubard.mp3
Santenay 1er Cru Clos Rousseau,fr,AOC Santenay 1er Cru Clos Rousseau.mp3
Santenay 1er Cru Grand Clos Rousseau,fr,AOC Santenay 1er Cru Grand Clos Rousseau.mp3
Santenay 1er Cru La Comme,fr,AOC Santenay 1er Cru La Comme.mp3
Santenay 1er Cru La Maladière,fr,AOC Santenay 1er Cru La Maladière.mp3
Santenay 1er Cru Les Gravières-Clos de Tavannes,fr,AOC Santenay 1er Cru Les Gravières-Clos de Tavannes.mp3
Santenay 1er Cru Les Gravières,fr,AOC Santenay 1er Cru Les Gravières.mp3
Santenay 1er Cru Passetemps,fr,AOC Santenay 1er Cru Passetemps.mp3
Santenay 1er Cru,fr,AOC Santenay 1er Cru.mp3
Maranges Village,fr,AOC Maranges Village.mp3
Maranges 1er Cru Clos de la Boutière,fr,AOC Maranges 1er Cru Clos de la Boutière.mp3
Maranges 1er Cru Clos de la Fussière,fr,AOC Maranges 1er Cru Clos de la Fussière.mp3
Maranges 1er Cru La Fussière,fr,AOC Maranges 1er Cru La Fussière.mp3
Maranges 1er Cru Le Clos des Loyères,fr,AOC Maranges 1er Cru Le Clos des Loyères.mp3
Maranges 1er Cru Le Clos des Rois,fr,AOC Maranges 1er Cru Le Clos des Rois.mp3
Maranges 1er Cru Le Croix Moines,fr,AOC Maranges 1er Cru Le Croix Moines.mp3
Maranges 1er Cru Les Clos Roussots,fr,AOC Maranges 1er Cru Les Clos Roussots.mp3
Maranges 1er Cru,fr,AOC Maranges 1er Cru.mp3
Maranges ou Maranges Côte de Beaune,fr,AOC Maranges ou Maranges Côte de Beaune.mp3
Marsannay (Chenôve),fr,AOC Marsannay (Chenôve).mp3
Marsannay (Couchey),fr,AOC Marsannay (Couchey).mp3
Marsannay (Marsannay-la-côte),fr,AOC Marsannay (Marsannay-la-côte).mp3
Fixin (Brochon),fr,AOC Fixin (Brochon).mp3
Fixin (Fixin),fr,AOC Fixin (Fixin).mp3
Fixin 1er Cru Clos de la Perrière,fr,AOC Fixin 1er Cru Clos de la Perrière.mp3
Fixin 1er Cru Clos du Chapitre,fr,AOC Fixin 1er Cru Clos du Chapitre.mp3
Fixin 1er Cru Clos Napoléon,fr,AOC Fixin 1er Cru Clos Napoléon.mp3
Fixin 1er Cru Les Arvelets,fr,AOC Fixin 1er Cru Les Arvelets.mp3
Fixin 1er Cru Les Hervelets,fr,AOC Fixin 1er Cru Les Hervelets.mp3
Fixin 1er Cru Les Meix Bas,fr,AOC Fixin 1er Cru Les Meix Bas.mp3
Fixin 1er Cru,fr,AOC Fixin 1er Cru.mp3
Fixin (Brochon),fr,AOC Fixin (Brochon).mp3
Gevrey-Chambertin (Brochon),fr,AOC Gevrey-Chambertin (Brochon).mp3
Brochon,fr,Brochon.mp3
Gevrey-Chambertin (Gevrey-Chambertin),fr,AOC Gevrey-Chambertin (Gevrey-Chambertin).mp3
Gevrey-Chambertin 1er Cru Bel Air,fr,AOC Gevrey-Chambertin 1er Cru Bel Air.mp3
Gevrey-Chambertin 1er Cru Champeaux,fr,AOC Gevrey-Chambertin 1er Cru Champeaux.mp3
Gevrey-Chambertin 1er Cru Champonnet,fr,AOC Gevrey-Chambertin 1er Cru Champonnet.mp3
Gevrey-Chambertin 1er Cru Cherbaudes,fr,AOC Gevrey-Chambertin 1er Cru Cherbaudes.mp3
Gevrey-Chambertin 1er Cru Clos des Varoilles,fr,AOC Gevrey-Chambertin 1er Cru Clos des Varoilles.mp3
Gevrey-Chambertin 1er Cru Clos du Chapitre,fr,AOC Gevrey-Chambertin 1er Cru Clos du Chapitre.mp3
Gevrey-Chambertin 1er Cru Clos Prieur,fr,AOC Gevrey-Chambertin 1er Cru Clos Prieur.mp3
Gevrey-Chambertin 1er Cru Clos Saint-Jacques,fr,AOC Gevrey-Chambertin 1er Cru Clos Saint-Jacques.mp3
Gevrey-Chambertin 1er Cru Combe au Moine,fr,AOC Gevrey-Chambertin 1er Cru Combe au Moine.mp3
Gevrey-Chambertin 1er Cru Craipillot,fr,AOC Gevrey-Chambertin 1er Cru Craipillot.mp3
Gevrey-Chambertin 1er Cru En Ergot,fr,AOC Gevrey-Chambertin 1er Cru En Ergot.mp3
Gevrey-Chambertin 1er Cru Estournelles-Saint-Jacques,fr,AOC Gevrey-Chambertin 1er Cru Estournelles-Saint-Jacques.mp3
Gevrey-Chambertin 1er Cru Fonteny,fr,AOC Gevrey-Chambertin 1er Cru Fonteny.mp3
Gevrey-Chambertin 1er Cru Issarts,fr,AOC Gevrey-Chambertin 1er Cru Issarts.mp3
Gevrey-Chambertin 1er Cru La Bossière,fr,AOC Gevrey-Chambertin 1er Cru La Bossière.mp3
Gevrey-Chambertin 1er Cru La Perrière,fr,AOC Gevrey-Chambertin 1er Cru La Perrière.mp3
Gevrey-Chambertin 1er Cru La Romanée,fr,AOC Gevrey-Chambertin 1er Cru La Romanée.mp3
Gevrey-Chambertin 1er Cru Lavaut Saint-Jacques,fr,AOC Gevrey-Chambertin 1er Cru Lavaut Saint-Jacques.mp3
Gevrey-Chambertin 1er Cru Les Cazetiers,fr,AOC Gevrey-Chambertin 1er Cru Les Cazetiers.mp3
Gevrey-Chambertin 1er Cru Les Goulots,fr,AOC Gevrey-Chambertin 1er Cru Les Goulots.mp3
Gevrey-Chambertin 1er Cru Petite Chapelle,fr,AOC Gevrey-Chambertin 1er Cru Petite Chapelle.mp3
Gevrey-Chambertin 1er Cru Petits Cazetiers,fr,AOC Gevrey-Chambertin 1er Cru Petits Cazetiers.mp3
Gevrey-Chambertin 1er Cru Poissenot,fr,AOC Gevrey-Chambertin 1er Cru Poissenot.mp3
Gevrey-Chambertin 1er Cru,fr,AOC Gevrey-Chambertin 1er Cru.mp3
Gevrey-Chambertin premier cru Aux Combottes,fr,Gevrey-Chambertin premier cru Aux Combottes.mp3
Chambertin Clos de Bèze Grand Cru,fr,AOC Chambertin Clos de Bèze Grand Cru.mp3
Chambertin Grand Cru,fr,AOC Chambertin Grand Cru.mp3
Chapelle Chambertin Grand Cru,fr,AOC Chapelle Chambertin Grand Cru.mp3
Charmes Chambertin Grand Cru,fr,AOC Charmes Chambertin Grand Cru.mp3
Griotte Chambertin Grand Cru,fr,AOC Griotte Chambertin Grand Cru.mp3
Latricières Chambertin Grand Cru,fr,AOC Latricières Chambertin Grand Cru.mp3
Mazis Chambertin Grand Cru,fr,AOC Mazis Chambertin Grand Cru.mp3
Mazoyères Chambertin Grand Cru,fr,AOC Mazoyères Chambertin Grand Cru.mp3
Ruchottes Chambertin Grand Cru,fr,AOC Ruchottes Chambertin Grand Cru.mp3
Domaine Armand Rousseau,fr,Domaine Armand Rousseau.mp3
Domaine Trapet,fr,Domaine Trapet.mp3
Domaine Camus,fr,Domaine Camus.mp3
Domaine Rossignol-Trapet,fr,Domaine Rossignol-Trapet.mp3
Domaine Jacques Prieur,fr,Domaine Jacques Prieur.mp3
Maison Louis Latour,fr,Maison Louis Latour.mp3
Domaine Leroy,fr,Domaine Leroy.mp3
Domaine Damoy,fr,Domaine Damoy.mp3
Domaine Rebourseau,fr,Domaine Rebourseau.mp3
Domaine Tortochot,fr,Domaine Tortochot.mp3
Maison Albert Bichot,fr,Maison Albert Bichot.mp3
Domaine Feuillet-Duband,fr,Domaine Feuillet-Duband.mp3
Domaine Charlopin,fr,Domaine Charlopin.mp3
Domaine Bertagna,fr,Domaine Bertagna.mp3
Maison Bouchard Père et Fils,fr,Maison Bouchard Père et Fils.mp3
Domaine Ponsot,fr,Domaine Ponsot.mp3
Domaine Denis Mortet,fr,Domaine Denis Mortet.mp3
Château de Marsannay,fr,Château de Marsannay.mp3
Domaine Dugat-Py,fr,Domaine Dugat-Py.mp3
Morey-Saint-Denis,fr,AOC Morey-Saint-Denis.mp3
Morey-Saint-Denis 1er Cru Aux Charmes,fr,AOC Morey-Saint-Denis 1er Cru Aux Charmes.mp3
Morey-Saint-Denis 1er Cru Aux Cheseaux,fr,AOC Morey-Saint-Denis 1er Cru Aux Cheseaux.mp3
Morey-Saint-Denis 1er Cru Clos Baulet,fr,AOC Morey-Saint-Denis 1er Cru Clos Baulet.mp3
Morey-Saint-Denis 1er Cru Clos des Ormes,fr,AOC Morey-Saint-Denis 1er Cru Clos des Ormes.mp3
Morey-Saint-Denis 1er Cru Clos Sorbè,fr,AOC Morey-Saint-Denis 1er Cru Clos Sorbè.mp3
Morey-Saint-Denis 1er Cru Côte Rotie,fr,AOC Morey-Saint-Denis 1er Cru Côte Rotie.mp3
Morey-Saint-Denis 1er Cru La Bussière,fr,AOC Morey-Saint-Denis 1er Cru La Bussière.mp3
Morey-Saint-Denis 1er Cru La Riotte,fr,AOC Morey-Saint-Denis 1er Cru La Riotte.mp3
Morey-Saint-Denis 1er Cru Le Village,fr,AOC Morey-Saint-Denis 1er Cru Le Village.mp3
Morey-Saint-Denis 1er Cru Les Blanchards,fr,AOC Morey-Saint-Denis 1er Cru Les Blanchards.mp3
Morey-Saint-Denis 1er Cru Les Chaffots,fr,AOC Morey-Saint-Denis 1er Cru Les Chaffots.mp3
Morey-Saint-Denis 1er Cru Les Charrières,fr,AOC Morey-Saint-Denis 1er Cru Les Charrières.mp3
Morey-Saint-Denis 1er Cru Les Chenevery,fr,AOC Morey-Saint-Denis 1er Cru Les Chenevery.mp3
Morey-Saint-Denis 1er Cru Les Faconnières,fr,AOC Morey-Saint-Denis 1er Cru Les Faconnières.mp3
Morey-Saint-Denis 1er Cru Les Genavrières,fr,AOC Morey-Saint-Denis 1er Cru Les Genavrières.mp3
Morey-Saint-Denis 1er Cru Les Gruenchers,fr,AOC Morey-Saint-Denis 1er Cru Les Gruenchers.mp3
Morey-Saint-Denis 1er Cru Les Millandes,fr,AOC Morey-Saint-Denis 1er Cru Les Millandes.mp3
Morey-Saint-Denis 1er Cru Les Ruchots,fr,AOC Morey-Saint-Denis 1er Cru Les Ruchots.mp3
Morey-Saint-Denis 1er Cru Les Sorbès,fr,AOC Morey-Saint-Denis 1er Cru Les Sorbès.mp3
Morey-Saint-Denis 1er Cru Monts Luisants,fr,AOC Morey-Saint-Denis 1er Cru Monts Luisants.mp3
Morey-Saint-Denis 1er Cru,fr,AOC Morey-Saint-Denis 1er Cru.mp3
Bonnes Mares Grand Cru,fr,AOC Bonnes Mares Grand Cru.mp3
Clos de la Roche Grand Cru,fr,AOC Clos de la Roche Grand Cru.mp3
Clos de Tart Grand Cru,fr,AOC Clos de Tart Grand Cru.mp3
Clos des Lambrays Grand Cru,fr,AOC Clos des Lambrays Grand Cru.mp3
Clos Saint-Denis Grand Cru,fr,AOC Clos Saint-Denis Grand Cru.mp3
Chambolle-Musigny,fr,AOC Chambolle-Musigny.mp3
Chambolle-Musigny 1er Cru Aux Combottes,fr,AOC Chambolle-Musigny 1er Cru Aux Combottes.mp3
Chambolle-Musigny 1er Cru Aux Echanges,fr,AOC Chambolle-Musigny 1er Cru Aux Echanges.mp3
Chambolle-Musigny 1er Cru Derrière la Grange,fr,AOC Chambolle-Musigny 1er Cru Derrière la Grange.mp3
Chambolle-Musigny 1er Cru La Combe d'Orveau,fr,AOC Chambolle-Musigny 1er Cru La Combe d'Orveau.mp3
Chambolle-Musigny 1er Cru Les Amoureuses,fr,AOC Chambolle-Musigny 1er Cru Les Amoureuses.mp3
Chambolle-Musigny 1er Cru Les Baudes,fr,AOC Chambolle-Musigny 1er Cru Les Baudes.mp3
Chambolle-Musigny 1er Cru Les Borniques,fr,AOC Chambolle-Musigny 1er Cru Les Borniques.mp3
Chambolle-Musigny 1er Cru Les Carrières,fr,AOC Chambolle-Musigny 1er Cru Les Carrières.mp3
Chambolle-Musigny 1er Cru Les Chabiots,fr,AOC Chambolle-Musigny 1er Cru Les Chabiots.mp3
Chambolle-Musigny 1er Cru Les Charmes,fr,AOC Chambolle-Musigny 1er Cru Les Charmes.mp3
Chambolle-Musigny 1er Cru Les Chatelots,fr,AOC Chambolle-Musigny 1er Cru Les Chatelots.mp3
Chambolle-Musigny 1er Cru Les Combottes,fr,AOC Chambolle-Musigny 1er Cru Les Combottes.mp3
Chambolle-Musigny 1er Cru Les Cras,fr,AOC Chambolle-Musigny 1er Cru Les Cras.mp3
Chambolle-Musigny 1er Cru Les Feusselottes ou Les Feusselotes,fr,AOC Chambolle-Musigny 1er Cru Les Feusselottes ou Les Feusselotes.mp3
Chambolle-Musigny 1er Cru Les Fuées,fr,AOC Chambolle-Musigny 1er Cru Les Fuées.mp3
Chambolle-Musigny 1er Cru Les Groseilles,fr,AOC Chambolle-Musigny 1er Cru Les Groseilles.mp3
Chambolle-Musigny 1er Cru Les Gruenchers,fr,AOC Chambolle-Musigny 1er Cru Les Gruenchers.mp3
Chambolle-Musigny 1er Cru Les Hauts Doix,fr,AOC Chambolle-Musigny 1er Cru Les Hauts Doix.mp3
Chambolle-Musigny 1er Cru Les Lavrottes,fr,AOC Chambolle-Musigny 1er Cru Les Lavrottes.mp3
Chambolle-Musigny 1er Cru Les Noirots,fr,AOC Chambolle-Musigny 1er Cru Les Noirots.mp3
Chambolle-Musigny 1er Cru Les Plantes,fr,AOC Chambolle-Musigny 1er Cru Les Plantes.mp3
Chambolle-Musigny 1er Cru Les Sentiers,fr,AOC Chambolle-Musigny 1er Cru Les Sentiers.mp3
Chambolle-Musigny 1er Cru Les Véroilles,fr,AOC Chambolle-Musigny 1er Cru Les Véroilles.mp3
Chambolle-Musigny 1er Cru,fr,AOC Chambolle-Musigny 1er Cru.mp3
Chambolle-Musigny premier cru Aux Beaux Bruns,fr,Chambolle-Musigny premier cru Aux Beaux Bruns.mp3
Domaine Bertagna,fr,Domaine Bertagna.mp3
Domaine de Vogué,fr,Domaine de Vogué.mp3
Domaine Georges Roumier,fr,Domaine Georges Roumier.mp3
Domaine Robert Groffier,fr,Domaine Robert Groffier.mp3
Jacques-Frédéric Mugnier,fr,Jacques-Frédéric Mugnier.mp3
Domaine Gérard Peiraizeau,fr,Domaine Gérard Peiraizeau.mp3
Domaine de la Pousse d'Or,fr,Domaine de la Pousse d'Or.mp3
Domaine Amiot-Servelle,fr,Domaine Amiot-Servelle.mp3
Domaine François Bertheau,fr,Domaine François Bertheau.mp3
Domaine Chazans,fr,Domaine Chazans.mp3
Domaine Louis Jadot,fr,Domaine Louis Jadot.mp3
Joseph Drouhin,fr,Joseph Drouhin.mp3
Domaine Michèle et Patrice Rion,fr,Domaine Michèle et Patrice Rion.mp3
Domaine Bernard Serveau,fr,Domaine Bernard Serveau.mp3
Bonnes-Mares Grand Cru,fr,AOC Bonnes-Mares Grand Cru.mp3
Musigny Grand Cru,fr,AOC Musigny Grand Cru.mp3
Flagey-Echézeaux,fr,Flagey-Echézeaux.mp3
Echezeaux Grand Cru,fr,AOC Echezeaux Grand Cru.mp3
Grands-Echezeaux Grand Cru,fr,AOC Grands-Echezeaux Grand Cru.mp3
Domaine de la Romanée Conti,fr,Domaine de la Romanée Conti.mp3
Domaine Mongeard-Mugneret,fr,Domaine Mongeard-Mugneret.mp3
Maison Joseph Drouhin,fr,Maison Joseph Drouhin.mp3
Maison Henri de Villamont,fr,Maison Henri de Villamont.mp3
Domaine François Lamarche,fr,Domaine François Lamarche.mp3
Maison Albert Bichot,fr,Maison Albert Bichot.mp3
Domaine d'Eugénie,fr,Domaine d'Eugénie.mp3
Domaine Ghislain Kohut,fr,Domaine Ghislain Kohut.mp3
Domaine Desaunay,fr,Domaine Desaunay.mp3
Domaine Gros Frere et Sour,fr,Domaine Gros Frere et Sour.mp3
Dom. Coquard-Loison-Fleurot,fr,Dom. Coquard-Loison-Fleurot.mp3
Domaine Robert Sirugue,fr,Domaine Robert Sirugue.mp3
Domaine Georges Noellat,fr,Domaine Georges Noellat.mp3
Domaine Jean-Marc Millot,fr,Domaine Jean-Marc Millot.mp3
Vosne-Romanée,fr,AOC Vosne-Romanée.mp3
Vosne-Romanée 1er Cru Au-dessus des Malconsorts,fr,AOC Vosne-Romanée 1er Cru Au-dessus des Malconsorts.mp3
Vosne-Romanée 1er Cru Aux Brûlées,fr,AOC Vosne-Romanée 1er Cru Aux Brûlées.mp3
Vosne-Romanée 1er Cru Aux Malconsorts,fr,AOC Vosne-Romanée 1er Cru Aux Malconsorts.mp3
Vosne-Romanée 1er Cru Aux Raignots,fr,AOC Vosne-Romanée 1er Cru Aux Raignots.mp3
Vosne-Romanée 1er Cru Clos des Réas,fr,AOC Vosne-Romanée 1er Cru Clos des Réas.mp3
Vosne-Romanée 1er Cru Cros Parantoux,fr,AOC Vosne-Romanée 1er Cru Cros Parantoux.mp3
Vosne-Romanée 1er Cru La Croix Rameau,fr,AOC Vosne-Romanée 1er Cru La Croix Rameau.mp3
Vosne-Romanée 1er Cru Les Beaux Monts,fr,AOC Vosne-Romanée 1er Cru Les Beaux Monts.mp3
Vosne-Romanée 1er Cru Les Chaumes,fr,AOC Vosne-Romanée 1er Cru Les Chaumes.mp3
Vosne-Romanée 1er Cru Les Gaudichots,fr,AOC Vosne-Romanée 1er Cru Les Gaudichots.mp3
Vosne-Romanée 1er Cru Les Petis Monts,fr,AOC Vosne-Romanée 1er Cru Les Petis Monts.mp3
Vosne-Romanée 1er Cru Les Suchots,fr,AOC Vosne-Romanée 1er Cru Les Suchots.mp3
Vosne-Romanée 1er Cru,fr,AOC Vosne-Romanée 1er Cru.mp3
Domaine Confuron-Cotetidot,fr,Domaine Confuron-Cotetidot.mp3
Domaine Michel Noellat,fr,Domaine Michel Noellat.mp3
Domaine Prieuré-Roch,fr,Domaine Prieuré-Roch.mp3
Domaine René Cacheux et Fils,fr,Domaine René Cacheux et Fils.mp3
Domaine de l'Arlot,fr,Domaine de l'Arlot.mp3
Domaine Arnoux-Lachaux,fr,Domaine Arnoux-Lachaux.mp3
Domaine François Lamarche,fr,Domaine François Lamarche.mp3
Domaine Hudelot-Noellat,fr,Domaine Hudelot-Noellat.mp3
Domaine Chantal Lescure,fr,Domaine Chantal Lescure.mp3
Domaine Michel Joannet,fr,Domaine Michel Joannet.mp3
Domaine Gérard Mugneret,fr,Domaine Gérard Mugneret.mp3
Domaine Jérôme Chezeaux,fr,Domaine Jérôme Chezeaux.mp3
Domaine Yves Chevallier,fr,Domaine Yves Chevallier.mp3
Domaine Jean-Marc Millot,fr,Domaine Jean-Marc Millot.mp3
Domaine du Clos des Poulettes,fr,Domaine du Clos des Poulettes.mp3
Domaine Mongeard-Mugneret,fr,Domaine Mongeard-Mugneret.mp3
Comte Liger-Belair,fr,Comte Liger-Belair.mp3
Domaine Berthaut-Gerbet,fr,Domaine Berthaut-Gerbet.mp3
Domaine de Bellene,fr,Domaine de Bellene.mp3
Domaine Jean Grivot,fr,Domaine Jean Grivot.mp3
Domaine Sylvain Cathiard et Fils.,fr,Domaine Sylvain Cathiard et Fils..mp3
Domaine Richard Maniere,fr,Domaine Richard Maniere.mp3
Domaine Boigey Frères,fr,Domaine Boigey Frères.mp3
La Grande Rue Grand Cru,fr,AOC La Grande Rue Grand Cru.mp3
La Romanée Grand Cru,fr,AOC La Romanée Grand Cru.mp3
La Tâche Grand Cru,fr,AOC La Tâche Grand Cru.mp3
Richebourg Grand Cru,fr,AOC Richebourg Grand Cru.mp3
Romanée-Conti Grand Cru,fr,AOC Romanée-Conti Grand Cru.mp3
Romanée-Saint-Vivant Grand Cru,fr,AOC Romanée-Saint-Vivant Grand Cru.mp3
Domaine de la Romanée-Conti,fr,Domaine de la Romanée-Conti.mp3
Domaine Leroy,fr,Domaine Leroy.mp3
Domaine Gros Frères et soeur,fr,Domaine Gros Frères et soeur.mp3
Domaine A.-F. Gros,fr,Domaine A.-F. Gros.mp3
Anne Gros ,fr,Anne Gros .mp3
Thibault Liger-Belair ,fr,Thibault Liger-Belair .mp3
Domaine Méo-Camuzet,fr,Domaine Méo-Camuzet.mp3
Domaine Jean Grivot,fr,Domaine Jean Grivot.mp3
Domaine Mongeard-Mugneret,fr,Domaine Mongeard-Mugneret.mp3
Domaine Hudelot-Noëllat,fr,Domaine Hudelot-Noëllat.mp3
Domaine du Clos Frantin,fr,Domaine du Clos Frantin.mp3
Vougeot,fr,AOC Vougeot.mp3
Vougeot 1er Cru Clos de la Perrière,fr,AOC Vougeot 1er Cru Clos de la Perrière.mp3
Vougeot 1er Cru Le Clos Blanc,fr,AOC Vougeot 1er Cru Le Clos Blanc.mp3
Vougeot 1er Cru Les Crâs,fr,AOC Vougeot 1er Cru Les Crâs.mp3
Vougeot 1er Cru Les Petits Vougeots,fr,AOC Vougeot 1er Cru Les Petits Vougeots.mp3
Vougeot 1er Cru,fr,AOC Vougeot 1er Cru.mp3
Clos de Vougeot ou Clos Vougeot Grand Cru,fr,AOC Clos de Vougeot ou Clos Vougeot Grand Cru.mp3
Nuits-Saint-Georges,fr,AOC Nuits-Saint-Georges.mp3
Nuits-Saint-Georges 1er Cru Aux Argillas,fr,AOC Nuits-Saint-Georges 1er Cru Aux Argillas.mp3
Nuits-Saint-Georges 1er Cru Aux Boudots,fr,AOC Nuits-Saint-Georges 1er Cru Aux Boudots.mp3
Nuits-Saint-Georges 1er Cru Aux Bousselots,fr,AOC Nuits-Saint-Georges 1er Cru Aux Bousselots.mp3
Nuits-Saint-Georges 1er Cru Aux Chaignots,fr,AOC Nuits-Saint-Georges 1er Cru Aux Chaignots.mp3
Nuits-Saint-Georges 1er Cru Aux Champs Perdrix,fr,AOC Nuits-Saint-Georges 1er Cru Aux Champs Perdrix.mp3
Nuits-Saint-Georges 1er Cru Aux Cras,fr,AOC Nuits-Saint-Georges 1er Cru Aux Cras.mp3
Nuits-Saint-Georges 1er Cru Aux Murgers,fr,AOC Nuits-Saint-Georges 1er Cru Aux Murgers.mp3
Nuits-Saint-Georges 1er Cru Aux Thorey,fr,AOC Nuits-Saint-Georges 1er Cru Aux Thorey.mp3
Nuits-Saint-Georges 1er Cru Aux Vignerondes,fr,AOC Nuits-Saint-Georges 1er Cru Aux Vignerondes.mp3
Nuits-Saint-Georges 1er Cru Chaines Carteaux,fr,AOC Nuits-Saint-Georges 1er Cru Chaines Carteaux.mp3
Nuits-Saint-Georges 1er Cru Château Gris,fr,AOC Nuits-Saint-Georges 1er Cru Château Gris.mp3
Nuits-Saint-Georges 1er Cru Clos des Porrets-Saint-Georges,fr,AOC Nuits-Saint-Georges 1er Cru Clos des Porrets-Saint-Georges.mp3
Nuits-Saint-Georges 1er Cru En la Perrière Noblot,fr,AOC Nuits-Saint-Georges 1er Cru En la Perrière Noblot.mp3
Nuits-Saint-Georges 1er Cru La Richemone,fr,AOC Nuits-Saint-Georges 1er Cru La Richemone.mp3
Nuits-Saint-Georges 1er Cru Les Cailles,fr,AOC Nuits-Saint-Georges 1er Cru Les Cailles.mp3
Nuits-Saint-Georges 1er Cru Les Chabœufs,fr,AOC Nuits-Saint-Georges 1er Cru Les Chabœufs.mp3
Nuits-Saint-Georges 1er Cru Les Crots,fr,AOC Nuits-Saint-Georges 1er Cru Les Crots.mp3
Nuits-Saint-Georges 1er Cru Les Damodes,fr,AOC Nuits-Saint-Georges 1er Cru Les Damodes.mp3
Nuits-Saint-Georges 1er Cru Les Hauts Pruliers,fr,AOC Nuits-Saint-Georges 1er Cru Les Hauts Pruliers.mp3
Nuits-Saint-Georges 1er Cru Les Perrières,fr,AOC Nuits-Saint-Georges 1er Cru Les Perrières.mp3
Nuits-Saint-Georges 1er Cru Les Porrets-Saint-Georges,fr,AOC Nuits-Saint-Georges 1er Cru Les Porrets-Saint-Georges.mp3
Nuits-Saint-Georges 1er Cru Les Poulettes,fr,AOC Nuits-Saint-Georges 1er Cru Les Poulettes.mp3
Nuits-Saint-Georges 1er Cru Les Procès,fr,AOC Nuits-Saint-Georges 1er Cru Les Procès.mp3
Nuits-Saint-Georges 1er Cru Les Pruliers,fr,AOC Nuits-Saint-Georges 1er Cru Les Pruliers.mp3
Nuits-Saint-Georges 1er Cru Les Saints-Georges,fr,AOC Nuits-Saint-Georges 1er Cru Les Saints-Georges.mp3
Nuits-Saint-Georges 1er Cru Les Vallerots,fr,AOC Nuits-Saint-Georges 1er Cru Les Vallerots.mp3
Nuits-Saint-Georges 1er Cru Les Vaucrains,fr,AOC Nuits-Saint-Georges 1er Cru Les Vaucrains.mp3
Nuits-Saint-Georges 1er Cru Roncière,fr,AOC Nuits-Saint-Georges 1er Cru Roncière.mp3
Nuits-Saint-Georges 1er Cru Rue de Chaux,fr,AOC Nuits-Saint-Georges 1er Cru Rue de Chaux.mp3
Nuits-Saint-Georges 1er Cru,fr,AOC Nuits-Saint-Georges 1er Cru.mp3
Domaine Alain Michelot,fr,Domaine Alain Michelot.mp3
Domaine Robert Chevillon,fr,Domaine Robert Chevillon.mp3
Domaine Jean Chauvenet,fr,Domaine Jean Chauvenet.mp3
Domaine de la Poulette,fr,Domaine de la Poulette.mp3
Domaine Christian Confuron,fr,Domaine Christian Confuron.mp3
Domaine Jérôme Chezeaux,fr,Domaine Jérôme Chezeaux.mp3
Domaine Chicotot,fr,Domaine Chicotot.mp3
Domaine Gouges,fr,Domaine Gouges.mp3
Domaine Dupasquier,fr,Domaine Dupasquier.mp3
Domaine Ambroise,fr,Domaine Ambroise.mp3
Irancy,fr,AOC Irancy.mp3
Saint-Bris,fr,AOC Saint-Bris.mp3
Vézelay,fr,AOC Vézelay.mp3
Mâcon-Villages,fr,AOC Mâcon-Villages.mp3
Mâcon,fr,AOC Mâcon.mp3
Pouilly-Fuissé,fr,AOC Pouilly-Fuissé.mp3
Pouilly-Loché,fr,AOC Pouilly-Loché.mp3
Pouilly-Vinzelles,fr,AOC Pouilly-Vinzelles.mp3
Saint-Véran,fr,AOC Saint-Véran.mp3
Viré-Clessé,fr,AOC Viré-Clessé.mp3
